Date,JSE,ANGLOGOLD,GOLDFIELDS,DRDGOLD,HARMONY,ANGLOAMER,IMPALA,NORTHAM
2020-01-02,0.011043291,0.003878724,-0.019698325,0.019802627,0.00778214,0.01610876,-0.001534063,-0.000161799
2020-01-03,0.001592861,0.056206769,0.022718689,0.065763261,0.069251236,0.010869835,0.035173132,0.031144248
2020-01-06,-0.01068917,-0.003397613,0.007356403,0.020594307,-0.001447702,0.003062881,-0.015137919,-0.004874223
2020-01-07,0.003299888,-0.038838651,-0.025616958,0.001198322,-0.008182608,-0.012849422,-0.008241805,0.001417546
2020-01-08,-0.001082413,-0.018323275,-0.010326381,-0.042819997,-0.014343755,0.039372523,0.053050371,0.055859073
2020-01-09,-0.003383984,-0.030816112,-0.044194001,-0.013845407,-0.02722406,-0.038500723,-0.017084285,-0.010097696
2020-01-10,0.006215169,0.006952143,-0.01226595,0.049453834,-0.009754309,0.011041911,-0.007814366,-0.000375954
2020-01-13,0.001527584,-0.003307611,0.000113218,0.054003731,-0.001538758,0.013123606,-0.010921702,0.011068844
2020-01-14,0.006827109,-0.040974939,-0.011271253,-0.006880761,-0.038258712,-0.013822247,-0.018817484,-0.016952101
2020-01-15,0.001662664,0.004423217,0.004797268,0.014848931,0.00079968,0.005190965,0.004479831,0.018364268
2020-01-16,0.002646177,-0.001854694,0.014367576,-0.004545462,0.01014026,0.018968366,0.030609107,0.035460051
2020-01-17,0.013384174,0.008603649,0.004035428,0.010198389,0.010821552,-0.013068644,0.030670603,0.012325166
2020-01-20,-0.002570338,0.020404139,0.039268041,-0.028589712,0.02416744,0.017182416,0.025290319,0.013223798
2020-01-21,-0.014962772,-0.02985197,-0.02152725,-0.017554576,-0.036770994,-0.098081495,-0.092017379,-0.088263582
2020-01-22,-0.000992448,-0.006881266,0.000878831,0.038221213,0.003560835,-0.00595723,0.005516114,0.003656868
2020-01-23,-0.017841923,0.003192287,0.006348533,0.020248161,0.007083855,-0.038306834,-0.03862404,-0.050773118
2020-01-24,0.0064188,-0.00513301,-0.002622093,0.002224695,0,-0.006462504,-0.03209919,-0.020530951
2020-01-27,-0.024003315,0.045307862,0.024423086,0,0.02383141,-0.041826536,-0.036220054,-0.060165356
2020-01-28,-0.002771132,-0.036046809,-0.036197637,-0.031605339,-0.059153849,0.000970293,0.029852963,0.010182157
2020-01-29,0.011103857,-0.030130298,-0.015955708,0.013667639,-0.036194624,0.027966019,0.032085187,0.03757497
2020-01-30,0.003898851,0.034745665,0.069195303,0.042088161,0.042875487,0.033206323,0.03748189,0.033499067
2020-01-31,-0.009077687,0.020822306,0.026002397,0.032019811,0.025302675,-0.014270348,-0.019871911,0.005024936
2020-02-03,-0.004486728,-0.022369617,-0.011105513,-0.052842481,-0.034831383,-0.019811464,0,-0.010075249
2020-02-04,0.017551971,-0.024260134,-0.038042625,-0.065203194,-0.037567975,0.063223848,0.067427454,0.043868062
2020-02-05,0.010664366,-0.011900565,-0.014061887,0.023365549,-0.004239091,-0.014796976,-0.007426597,-0.020044176
2020-02-06,0.001831979,0.003449421,0.032789823,0.026212327,-0.029749984,-0.032290347,-0.034808498,-0.004010228
2020-02-07,-0.004442207,0.032576616,0.084169829,0.04185633,0.013043663,-0.013096854,0.011238383,-0.024808834
2020-02-10,-0.007513953,-0.00794339,-0.034305976,0.019231362,-0.0224974,0.016196388,0.008481815,0.015865717
2020-02-11,0.002344924,-0.029829311,-0.033863511,-0.01492565,-0.079748222,0.00338097,0.017082981,0.018899688
2020-02-12,0.013300486,-0.007510388,-0.035910501,-0.022814678,0.035948896,0.01236843,0.005299781,0.008621747
2020-02-13,0.001584187,0.02408497,0.006752075,0.009841523,0.003915702,0.030056775,0.052009919,0.03920584
2020-02-14,0.000450831,0.018872341,0.01041344,0.033175862,0.070554869,0.005173844,0.031609521,-0.004397249
2020-02-17,0.005621571,-0.012462173,-0.017057983,0.025975486,0.015939132,0.052862007,0.018186699,0.044698546
2020-02-18,-0.008167075,0.019959392,0.036217863,0.015267472,0.030726935,-0.016786856,-0.023915627,-0.015258681
2020-02-19,0.003913347,0.051026981,0.094621738,0.0588405,0.088764763,0.065004349,0.043593043,0.07635378
2020-02-20,-0.002556381,0.009503065,0.006675781,0.033711057,0.035291293,-0.025904217,-0.035133116,-0.014893316
2020-02-21,-0.007935819,0.063544932,0.062656656,0.020055367,0.068571375,0.018504207,-0.007726744,0.005373614
2020-02-24,-0.043754953,0.014684552,0.042900635,0.031974305,0.133952889,-0.08857171,-0.087050244,-0.08424618
2020-02-25,-0.001313872,-0.055136792,-0.046251018,0.008703275,-0.063948725,-0.003207106,0.007434978,0.002358839
2020-02-26,0.004327462,-0.008663421,-0.024948761,-0.057056472,0.00015722,-0.007074518,-0.048790164,-0.038808488
2020-02-27,-0.029541092,0.008909847,0.00595831,0.053584246,0.004548671,-0.042608117,-0.017584256,-0.01581518
2020-02-28,-0.046076123,-0.156046649,-0.18625367,-0.126845717,-0.140035845,-0.138273839,-0.126719233,-0.145286506
2020-03-02,0.015589811,0.019924741,0.035053927,0.023415704,-0.002523433,0.044235871,0.024956732,0.019501085
2020-03-03,0.02133253,0.07188723,0.042934723,0.025703462,0.025304272,0.058895569,0.026484967,0.019819918
2020-03-04,-0.000587243,0.042911245,0.049888095,0.073369246,0.055945486,-0.038183632,0.010159299,0.01867132
2020-03-05,0.000179666,0.034541102,0.02599506,0.018174451,0.010757241,-0.010460563,-0.058797071,0.002542374
2020-03-06,-0.01660118,0.016997576,0.03328155,0.015319449,0.029838439,-0.154521457,0.120446153,0.133319775
2020-03-09,-0.064356521,-0.016967182,-0.023843153,-0.022204157,-0.009148607,-0.027212564,-0.162602371,-0.165923411
2020-03-10,0.013154717,-0.099733187,-0.056649296,-0.10651259,-0.071333564,-0.065478745,0.009633026,-0.029280772
2020-03-11,-0.007954572,0.026118414,0.028346842,0.00765554,0.015123162,0.042843221,0.017206488,0.01030152
2020-03-12,-0.10226799,-0.111537449,-0.167407276,-0.154309574,-0.174337143,-0.226459972,-0.245944169,-0.266024819
2020-03-13,-0.002844678,-0.027063746,-0.116020477,-0.167964601,-0.102319459,0.04107236,0.030790547,0.034738411
2020-03-16,-0.086910673,-0.092581849,-0.068588641,-0.061035891,-0.103462982,-0.123413006,-0.207104835,-0.207432046
2020-03-17,0.026301288,0.224453655,0.162983593,0.178818926,0.114646279,-0.050400124,-0.063696249,-0.024623516
2020-03-18,-0.074230248,-0.057551798,-0.020466691,0.028820439,-0.092201139,-0.275336042,-0.273519759,-0.189371848
2020-03-19,-0.016766429,-0.109894614,-0.228267638,-0.050097837,-0.198450939,-0.076313539,-0.000694686,-0.042485194
2020-03-20,0.059043925,0.026514522,0.129634186,0.083620529,0.100380856,0.150152491,0.032307741,0.04811805
2020-03-23,-0.051063058,0.051152974,0.032723275,0.068992871,0.007504726,0.078238406,-0.068752602,-0.065957968
2020-03-24,0.072614999,0.131294981,0.129170137,0.092976456,0.074336823,0.095163146,0.18621786,0.139761942
2020-03-25,0.050441837,0.134660368,0.155199743,0.033995005,0.129774966,0.203482861,0.160752488,0.188625754
2020-03-26,0.040041991,0.073174487,0.067702524,0.051067433,0.055475696,-0.029517746,0.02887109,0.014815086
2020-03-27,-0.047729354,-0.154732657,-0.166097269,-0.094452179,-0.14135951,9.61017E-05,-0.064654011,-0.094923258
2020-03-30,0.010810611,0.01306819,0.034219225,0.059514128,0.00803407,-0.013252732,-0.00224645,-0.044967692
2020-03-31,0.024498196,-0.057894566,-0.079142032,-0.094066509,-0.07170306,0.048005524,0.001982423,0.029385931
2020-04-01,-0.017181252,-0.070356968,-0.049879834,-0.08559193,-0.053224761,-0.000729525,-0.07881118,-0.013781316
2020-04-02,0.029920087,0.104519628,0.102234551,0.11920047,0.089231134,0.027974035,0.094400675,0.0497218
2020-04-03,-0.010305761,0.050663175,0.037046881,0.037985113,-0.01697249,-0.024662291,0.013812909,-0.038392703
2020-04-06,0.036148307,0.029053337,0.052976546,0.142130676,0.069935122,0.148918785,0.109199292,0.09315461
2020-04-07,0.026807862,0.013195552,0.01677579,-0.015097625,0.02895449,0.026670646,0.139062047,0.075619986
2020-04-08,-0.017133003,-0.029547763,-0.033073289,-0.045034216,0.011173301,-0.078050308,-0.041142944,-0.04695581
2020-04-09,0.027913954,0.07813421,0.07541723,0.077333203,0.049001782,0.052154238,0.077674893,0.046223567
2020-04-14,0.038068243,0.167605997,0.178282582,0.205311075,0.215411664,0.086437147,0.19016599,0.14562076
2020-04-15,-0.032051789,-0.04429716,-0.048289956,0.010675141,-0.069943755,-0.027206658,-0.076527393,-0.095732433
2020-04-16,-0.001163586,-0.011475976,-0.02019477,0.017951581,0.008017536,-0.034755631,-0.079512063,-0.017575145
2020-04-17,0.018270013,-0.031254409,-0.046300806,-0.047747763,-0.023876249,0.00926803,0.006502577,0.020474538
2020-04-20,-0.005820141,0.021261059,0.01894152,0.041593897,0.020968213,0,0.042686921,0.01892801
2020-04-21,-0.025305468,0.007168489,-0.001551211,-0.01242252,-0.008958831,-0.096279407,-0.146197297,-0.055488686
2020-04-22,0.010019581,0.085013469,0.087637594,0.042819997,0.060224823,0.04733456,0.038873085,0.045208755
2020-04-23,0.030568864,0.062609588,0.161013306,0.05815592,0.161264468,0.057025455,0.071189851,0.058203919
2020-04-24,-0.001504706,0.052687538,0.005718295,0.027856955,0.063019708,0.021017008,0.012432741,0.00356815
2020-04-28,0.010084615,-0.097570199,-0.088440772,-0.061174223,-0.084890698,-0.042195192,-0.082437991,-0.043005524
2020-04-29,0.016415454,-0.011402778,-0.020205532,0.004080449,0.019661044,0.091026091,0.117168974,0.09259202
2020-04-30,-0.010287858,-0.000150623,0.001623091,0.004063866,0.014932205,-0.005585837,-0.015564517,-0.051747491
2020-05-04,-0.023113805,0.027862985,0.056942938,0.03417189,0.068372704,-0.015750145,-0.056843899,-0.039155815
2020-05-05,-4.96082E-05,-0.048759819,-0.05497055,-0.018649877,-0.038596671,0.001465735,-0.028807198,-0.044272824
2020-05-06,0.013085529,0.045279732,0.033561358,0.012471817,-0.09460521,0.055726777,0.023415329,0.012966714
2020-05-07,0.003759781,-0.017840968,-0.00984758,-0.049071894,-0.049418268,-0.012456293,-0.004086875,-0.00034825
2020-05-08,0.019479098,0.041643464,0.045147722,0.061390079,0.071498282,-0.028812003,0.031221774,0.024882325
2020-05-11,-0.015824228,-0.033743166,-0.030683392,-0.054902294,-0.031425876,-0.055002211,-0.073831079,-0.087526284
2020-05-12,0.002319289,0.019721108,0.022835559,0.039763233,0.058800258,0.045279662,0.075767724,0.100018709
2020-05-13,-0.003331496,-0.028049076,0.001719918,0.010677258,-0.029651768,-0.009003971,-0.033634722,-0.05034601
2020-05-14,-0.020934404,0.042706647,0.023902398,0.029737874,0.048652632,-0.024318431,-0.044521062,-0.036045332
2020-05-15,0.010444711,0.034781036,0.01148516,0.019877098,0.0183623,0.076462101,0.09396892,0.069358614
2020-05-18,0.034719191,-0.006493465,-0.011227063,-0.011233068,0.002129926,0.088645533,0.090376224,0.113856743
2020-05-19,0.01099533,0.011193223,0.010205808,0.005899722,-0.025572432,0.034556827,0.047329359,0.041755569
2020-05-20,0.00370093,-0.047856794,-0.038870816,-0.030955499,-0.037964227,0.003547931,-0.02043657,-0.003511514
2020-05-21,-0.021713342,-0.083493033,-0.072189545,-0.088165329,-0.072063742,-0.009959054,-0.039733789,-0.029550985
2020-05-22,-0.017309127,0.028110342,0.019434554,0.032012218,0.024708461,-0.042751167,-0.049810322,-0.023626354
2020-05-25,-0.001456575,-0.044326669,-0.022364697,-0.002921416,-0.026659681,0.02980428,0.009918017,0.032144719
2020-05-26,0.010494877,-0.033337968,-0.053057775,-0.077850846,-0.057618078,-0.016577203,-0.025205845,-0.00389942
2020-05-27,-0.002108045,-0.030950942,-0.033771437,-0.023681107,-0.022316128,-0.004255945,-0.0233791,-0.009562708
2020-05-28,0.017533345,0.029793521,0.045700007,0.086795464,0.036185026,0.055084513,0.102560229,0.122100372
2020-05-29,-0.017789636,0.003279813,0.02219937,0.049807631,-0.024267605,-0.043622161,-0.031692645,-0.018886388
2020-06-01,0.008807248,0.003527341,-0.009674658,-0.042707009,0.01555779,-0.003004645,0.026465936,-0.00200895
2020-06-02,0.030309274,0.03716461,0.022790313,0.021004273,0,0.057153896,0.066605507,0.03264238
2020-06-03,0.02164032,-0.063325436,-0.090032933,-0.091851963,-0.118018913,-0.036175794,-0.022030789,-0.00656846
2020-06-04,-0.008245058,0.004591851,-0.008702587,0.004420595,0.0276024,0.005224894,-0.006624919,-0.020695358
2020-06-05,0.028124154,-0.076074912,-0.047598979,-0.055047888,-0.052618361,0.005819303,0.032539208,0.052769611
2020-06-08,-0.000695753,0.030033359,0.031175617,0.044914806,0.047724694,0.012264436,0.006413498,0.02965509
2020-06-09,-0.003679295,0.037054515,0.041532566,0.050274316,0.021835336,0.007295687,0.032434456,-0.013571246
2020-06-10,-0.014994535,-0.039670013,-0.023124683,-0.026373807,-0.051128136,-0.064698735,-0.111168616,-0.111385399
2020-06-11,-0.007054855,0.106938178,0.093578453,0.092537822,0.060681764,0.045462374,-0.012747573,0.030918262
2020-06-12,0.006440013,-0.032635964,-0.043542888,0.012946986,-0.01529279,0.006105558,0.016324501,-0.002578745
2020-06-15,-0.025861742,-0.044335939,-0.040171606,0.043770663,-0.047333743,-0.044451763,-0.053380106,-0.036914264
2020-06-17,0.033065091,0.033925175,0.045287862,0.074260912,0.00233327,0.022366183,0.020202707,0.009996751
2020-06-18,-0.001596575,-0.003573503,-0.002630097,0.023576731,0.013120003,0.024448004,-0.013829088,-0.000473776
2020-06-19,0.005236056,0.069991267,0.078617835,0.057077504,0.091171773,0.016322784,0.027215484,0.048108435
2020-06-22,0.00010622,0.037273551,0.031224721,0.057464037,0.020094215,-0.013161363,-0.020622816,-0.018322376
2020-06-23,0.022693815,0.058683502,0.062269043,0.076640323,0.056834422,0.089509616,0.053366192,0.070843351
2020-06-24,-0.018689868,-0.001406781,-0.013713261,0.012353215,-0.015511781,-0.042523516,-0.063446222,-0.061412342
2020-06-25,-0.009850047,-0.018142836,-0.015207204,-0.038349805,-0.027696131,0.016375094,0.018774614,0.029365016
2020-06-26,-0.004946177,-0.002296306,0.001824105,0.038349805,0.016276893,-0.012258168,-0.023150988,-0.005323881
2020-06-29,0.00915587,0.008868966,0.023542607,0.041882818,0.109314075,0.034310123,0.038376902,0.046924334
2020-06-30,0.004071198,0.028223434,0.030798629,0.023274324,0.069728699,-0.004296701,-0.02098516,-0.013675427
2020-07-01,-0.010627,-0.024628828,-0.022694241,-0.035886759,0.050074907,-0.029914824,-0.034734241,-0.043982463
2020-07-02,0.015303666,0.023936328,0.02312566,0.012612435,0.034347073,0.017623467,0.038949482,0.037420533
2020-07-03,-0.001746396,-0.017752241,-0.009534495,-0.012612435,0.016363656,-0.018461862,-0.014962441,0.010941311
2020-07-06,0.005931908,0.010102918,0.005583141,0.0254428,0.016966475,0.035462704,0.043731665,0.027799517
2020-07-07,0.007221755,0.044107443,0.046711207,0.019677635,0.053819788,0.054067221,0.038935154,0.028911343
2020-07-08,0.011283799,0.028316647,0.021724751,0.050189745,0.103260081,0.028156257,0.091327494,0.051131364
2020-07-09,-0.001482735,-0.01504631,0.01428227,-0.033419392,-0.002434508,-0.01433492,0.022803116,-0.007567019
2020-07-10,-0.006654534,-0.010145453,0.009804278,-0.014933805,0.048002596,-0.013821337,-0.009275637,0.002322522
2020-07-13,0.014004505,0.002508077,0.010658092,-0.06246117,0.009350091,0.022364579,-0.007686767,-0.002865221
2020-07-14,-0.011964647,-0.003288382,0.0190124,-0.064538521,0.00519015,0.007508065,0.019035833,-0.00131921
2020-07-15,0.007463205,-0.016606097,0.000820861,-0.060989272,-0.008096401,-0.010379663,0.043056479,0.005343672
2020-07-16,-0.003896796,0.029037314,0.021055688,0.05597673,0.0088925,-0.006977641,-0.021925698,0.015861794
2020-07-17,0.003266538,0.006242229,0.027523462,0.062494977,0.056749386,0.009569805,-0.005821106,0.028626908
2020-07-20,0.0063038,0.038995725,0.033258683,0.051745592,0.057523844,0.012599559,0.040256314,0.006113074
2020-07-21,0.002782564,-0.029584503,-0.014622519,-0.002618292,-0.033381539,-0.029315684,-0.016966305,-0.014272751
2020-07-22,-0.010474512,-0.003133433,0.0339902,-0.025413846,-0.040057761,0.033381658,0.013853567,-0.010708103
2020-07-23,0.004226272,0.038774217,0.017106164,0.009558475,0.062196208,0.043875157,0.041485956,0.051786284
2020-07-24,-0.007609667,0.030938915,0.020348491,0.027028672,0.044404944,-0.00792298,0.00777206,-0.006382466
2020-07-27,0.012156063,0.084596707,0.093099947,0.057569852,0.048504,0.014457215,0.030873315,0.069472373
2020-07-28,0.002870205,-0.006466314,-0.010949572,-0.007017573,-0.024418711,-0.023499058,0.012556888,-0.034133006
2020-07-29,0.003880537,-0.034962613,-0.01151441,-0.102235513,-0.052820396,-0.063460427,-0.04362377,-0.049248603
2020-07-30,-0.015332328,-0.02834862,-0.013265934,-0.000780336,-0.031862691,-0.019981798,-0.053547542,-0.034586008
2020-07-31,-0.002206753,-0.054838281,0.000629298,-0.005479466,0.003005056,-0.001869245,0.026800812,0.012084966
2020-08-03,0.00192916,-0.014709352,-0.003962184,-0.025036078,0.003177344,-0.015665108,0.018322627,0.001342082
2020-08-04,0.007486406,0.020192463,0.030304003,0.055950441,0.032722574,0.006622104,0.015048561,0.018748704
2020-08-05,0.024245141,0.03517663,0.074898601,0.076876478,0.091715209,0.047596378,0.056392451,0.035416552
2020-08-06,0.000473952,-0.026519031,0.010422652,-0.059150198,-0.040421914,-0.010278558,-0.015324333,-0.001271276
2020-08-07,-0.015714429,-0.040793853,-0.055016557,-0.045114684,-0.044213155,-0.025586961,-0.006171335,0.010544913
2020-08-11,0.007206817,-0.082232809,-0.108048607,-0.088683767,-0.101487219,-0.02621963,-0.019187489,-0.015859363
2020-08-12,0.00434663,-0.013966425,0.003305944,0.000854336,-0.011245877,0.008450677,0.05541805,0.059307278
2020-08-13,3.79669E-05,0.020477843,0.016553263,0.024463472,0.019598059,0.016835531,0.016519515,0.032346946
2020-08-14,-0.005973453,-0.010438718,-0.007915117,-0.005850414,-0.019110706,0.026274362,0.001056462,-0.001686888
2020-08-17,0.006245449,0.050081785,0.0428673,0.084738609,0.060590228,0.000700625,0.013575528,0.008406128
2020-08-18,-0.007162518,-0.015571667,-0.003229571,0.001539054,-0.00588724,-0.031316883,-0.026208518,-0.001933613
2020-08-19,-0.010433696,-0.041069775,-0.032789823,-0.052082776,-0.041537261,0.011610218,-0.006077959,0.011609764
2020-08-20,-0.014336793,0.003123228,-0.004746623,-0.008541846,-0.005883788,-0.058118153,-0.074489649,-0.042268526
2020-08-21,0.005734741,-0.017897387,-0.004722393,-0.022723556,-0.022699341,0.017745356,0.03268596,0.00979751
2020-08-24,0.012000998,-0.006411074,-0.007621414,0.00749379,0.011218382,0.010898797,0.039290222,0.051859669
2020-08-25,-0.00906839,-0.03035291,-0.02660826,-0.029036334,-0.047597022,-0.035821682,-0.053790963,-0.04418171
2020-08-26,0.008128971,0.038843907,0.042676813,0.034826259,0.030920924,0.00470193,-0.003991515,0.013892719
2020-08-27,0.005243753,-0.019485048,-0.021514287,0.0102565,-0.023558927,0.002757444,-0.0042625,-0.006403023
2020-08-28,-0.014391523,0.044533842,0.042074771,0.033316346,0.080606777,0.007867584,-0.004152697,0.006080619
2020-08-31,-0.010418158,-0.0075925,-0.002644057,-0.001185068,0.038804924,0.009833265,0.001087756,0.031674128
2020-09-01,0.008107129,-0.015709209,-0.036254377,-0.029685292,-0.052050151,-0.022414069,-0.033952273,-0.030127536
2020-09-02,-0.001177391,-0.027861711,-0.029785552,-0.062152662,-0.043802623,-0.022100618,0.026892816,0.004497277
2020-09-03,-0.024271506,-0.00752449,-0.004937316,0,0.00476475,-0.023573426,-0.016821309,-0.000641231
2020-09-04,-0.011871031,-0.014961804,-0.01436317,-0.030352011,-0.041242959,0.044249254,0.042382212,0.039307057
2020-09-07,0.009629439,0.027877483,0.026249514,0.026879785,0.049232349,0.053040404,0.023085108,0.002709862
2020-09-08,0.000708385,-0.006595538,0.011507385,-0.041728202,-0.034481005,-0.019691235,-0.038649132,0.006376087
2020-09-09,0.014090865,0.004661423,0.044108273,0.010372134,0.045909701,-0.010689644,-0.00204251,0.010759001
2020-09-10,0.013360664,0.03746205,0.014551664,0.051158696,0.029098531,0.040022106,0.063795481,0.068968687
2020-09-11,0.002389824,-0.009265453,-0.004388651,-0.019802627,-0.023481083,0.01438352,0.039665589,0.011947976
2020-09-14,0.004256027,0.011937466,0.058386965,0.01424587,-0.004646669,-0.015456959,0.013846199,0.017357132
2020-09-15,-0.003490556,-0.013452524,0.01608045,-0.040679127,0.036208224,-0.024364558,-0.033100495,0.026924911
2020-09-16,-0.003033952,-0.015819259,-0.010960985,-0.018018506,-0.046938987,0.00223753,-0.015985184,-0.005938863
2020-09-17,-0.016670307,-0.062442468,-0.065912514,-0.043192226,-0.087047042,-0.04711724,-0.05899966,-0.043038025
2020-09-18,-0.006598375,-0.01248567,-0.008215098,-0.052117954,-0.009244396,-0.004434307,0.004421711,-0.006181531
2020-09-21,-0.025087639,-0.013552791,-0.035639762,-0.03407398,-0.026703272,-0.0323313,-0.031760897,-0.037621091
2020-09-22,-0.001008591,-0.004284614,-0.032826233,-0.013541874,-0.001776199,-0.023703925,-0.069155539,-0.025490414
2020-09-23,0.018276976,-0.021282801,-0.017774945,0.010433063,-0.03643349,-0.021449084,0.001741493,0.014248058
2020-09-25,-0.012253885,0.021648165,0.001796766,0.036682666,0.020981385,0.020468653,0.007419512,-0.00456825
2020-09-28,0.020898606,0.000456517,0.007253969,-0.007532047,-0.000451467,0.036504665,0.014267339,0.018090709
2020-09-29,-0.003880412,0.015893115,0.036026355,0.037590974,0.038751666,0.007221813,0.007396132,0.015989218
2020-09-30,-0.004448218,-0.027599894,-0.029709714,-0.046196443,-0.032449597,-0.034171495,-0.016701707,-0.021846093
2020-10-01,0.003344997,0.0080717,0.011591356,0.009613026,0.008044736,-0.024404403,-0.01015658,-0.022334024
2020-10-02,-0.0041877,-0.009342421,-0.008693159,-0.031196598,-0.010965758,-0.002381668,-0.016383479,-0.003309169
2020-10-05,0.005606062,0.002655124,0.011606489,0.035718083,0.022142768,0.012767979,0.012974899,-0.002776103
2020-10-06,-0.005890503,-0.0090098,-0.010674957,-0.048790164,0.000550085,0.011392232,-0.003560089,0.011297518
2020-10-07,0.010021782,-0.012949636,-0.02717167,-0.002107482,-0.031167002,0.00925873,0.030983546,0.004114619
2020-10-08,-0.00356655,0.026514414,0.017520227,0.014659948,0.025099357,0.016358603,0.031432971,-0.005310433
2020-10-09,0.011447955,0.049982989,0.063687714,0.070239495,0.066148655,0.023213882,0.045653612,0.041369855
2020-10-12,0.006671247,0.002703706,-0.008579341,0.000484379,0.001552394,0.036753139,0.027242893,0.011925621
2020-10-13,-0.009001852,-0.018482215,-0.033812745,-0.000484379,-0.014583592,-0.015672364,-0.015759991,-0.016586025
2020-10-14,0.006151289,0.028405596,0.037645242,0.043608805,0.033026738,0.037162574,0.010738855,0.041071098
2020-10-15,-0.009983376,-0.025172429,-0.00975023,-0.0287011,-0.016893158,0.01416609,0.002207506,0.006510009
2020-10-16,0.003700209,-0.016473662,-0.032799244,-0.010074444,-0.019812953,0.044748542,0.035678322,0.017930124
2020-10-19,0.002064455,-0.003692949,-0.011110953,-0.014570437,-0.010587711,0.004044532,0.004776093,0.006138622
2020-10-20,0.002005384,-0.032139565,-0.008154435,-0.022761992,-0.019887783,0.017303965,0.02532369,0.025231912
2020-10-21,0.001333246,0.02362097,0.022715427,0.052168787,0.036774727,-0.010852095,0.037374904,0.03431848
2020-10-22,-0.009970493,-0.062842615,-0.089665216,-0.080082297,-0.071125667,-0.023520347,-0.037604341,-0.029253857
2020-10-23,0.009863704,-0.019325927,-0.02460109,-0.018701844,-0.030115199,-0.036715955,-0.055978051,-0.05667755
2020-10-26,-0.00814117,-0.01202738,0.022689145,0.01405907,-0.012468844,-0.029597176,0.003693952,0.008342987
2020-10-27,-0.014893323,-0.025317808,-0.023940676,-0.026193221,-0.02181215,-0.032662031,-0.028696022,-0.028666061
2020-10-28,-0.033301892,-0.023478606,-0.043113722,-0.045610511,-0.047239354,-0.080015483,-0.080810191,-0.083489222
2020-10-29,-0.007891785,-0.006187894,0.003858161,0.017075601,0.016448969,-0.027275356,-0.030331288,-0.040811803
2020-10-30,-0.004098415,-0.026144405,-0.022564238,-0.032189239,-0.014440684,-0.031759551,-0.007536146,-0.014047247
2020-11-02,0.017897227,0.099999535,0.065352699,0.060724149,0.040184801,0.038059056,0.022782552,0.024501959
2020-11-03,0.01077002,0.009668044,0.030562832,0.022048137,0.035265754,0.020568761,0.044457716,0.028704754
2020-11-04,0.008768166,-0.017722572,-0.033986841,-0.018868484,-0.014523563,0.01344332,0.007307875,-0.003128549
2020-11-05,0.028822883,0.030805382,0.054456839,0.043485112,0.062759864,-0.008886296,0.071494832,0.07536232
2020-11-06,0.020819072,0.040626292,0.028663412,0.057102125,0.026676995,0.005903765,0.032629711,0.030305349
2020-11-09,0.016192163,-0.149135912,-0.168489802,-0.163363643,-0.178337702,-0.002613739,-0.052126127,-0.039751534
2020-11-10,0.006342537,0.02830303,0.048437159,0.018420839,0.031103745,0.00679203,0.015372198,0.017674348
2020-11-11,-0.001124572,-0.051093652,-0.064274932,-0.0722377,-0.065872744,-0.006379342,-0.020880149,-0.065688282
2020-11-12,-0.01005116,0.017080992,-0.006527281,0.0059277,-0.01669398,-0.039447231,-0.067646237,-0.051769856
2020-11-13,0.00265152,0.001396911,0.008453136,0.018735911,0.024540286,0.025951368,0.025048848,0.018513217
2020-11-16,0.001474711,-0.025392839,-0.050496164,-0.022288313,-0.03450012,0.039910417,0.108922355,0.119251607
2020-11-17,-0.003743531,-0.012440418,0.001074487,0.014719135,-0.002471171,-0.039768059,-0.038117889,-0.031502211
2020-11-18,0.004732617,-0.022527984,-0.043840338,-0.027252871,-0.019291418,0.028608207,-0.005262692,-0.01346318
2020-11-19,-0.009996301,-0.028900318,-0.035744484,-0.003007521,-0.019813838,0.017483862,0.028047884,0.029900664
2020-11-20,-0.002438239,0.016332003,0.012237558,0.00240674,0.013628831,-0.024572613,-0.024838581,-0.018726076
2020-11-23,0.009353407,-0.057374157,-0.056574284,-0.042977762,-0.053284173,-0.015231438,-0.039523038,-0.006032594
2020-11-24,0.010697242,-0.04136368,-0.076117636,-0.09124068,-0.075344264,-0.016814761,-0.057269408,-0.030483566
2020-11-25,-0.00034146,0.009390038,0.010362787,0.03245721,0.01511925,-0.007119138,0.033079813,0.037146045
2020-11-26,0.003138352,0.024730347,0.020782913,0.071871846,0.017691264,0.056806709,0.049280962,0.041378254
2020-11-27,-0.001748654,-0.015959602,-0.027679492,-0.042371182,-0.027373111,-0.009947593,0.013221822,-0.005617992
2020-11-30,-0.0127159,0.021243793,0.011391996,0.014748584,0.009049836,-0.027266733,-0.01518646,-0.026926534
2020-12-01,0.007292077,0.064000244,0.064685804,0.084781011,0.063233735,0.003545506,0.001719269,0.012405708
2020-12-02,0.013338806,-0.002849456,0.011618976,0.006993035,0.022156287,0.083229057,0.043282768,0.04904632
2020-12-03,0.011354095,-0.016536508,-0.043034414,-0.041499731,-0.040423003,0.005529025,0.037477002,0.026797424
2020-12-04,0.007973221,-0.00711684,-0.009902534,-0.022032715,0.000453206,-0.035511273,-0.040595661,-0.04065967
2020-12-07,0.001821483,0.014474322,0.001706675,-0.003719781,0.005873069,0.045605168,0.101622988,0.055407527
2020-12-08,-0.006206932,-0.033092396,0.02453347,0.036589447,0.012385445,-0.008572896,-5.3241E-05,-0.016932058
2020-12-09,0.002235354,-0.048010205,-0.049912113,-0.030397477,-0.064469316,0.002970595,-0.005124384,0.000312321
2020-12-10,-0.000151466,0.03399093,0.040828078,-0.000617475,0.022367398,0.012073677,-0.00951748,-0.000780986
2020-12-11,0.002187786,-0.014527952,-0.025433871,-0.046137725,-0.035102368,0.041821718,-0.005526073,-0.014004582
2020-12-14,0.001617876,0.003181617,-0.002699462,0,-0.000160218,0.008259984,0.014401155,0.021942161
2020-12-15,-0.000513501,0.013052456,0.020144138,0.046755199,0.034334081,-0.00444096,0.01049417,0.00930957
2020-12-17,0.017764464,0.050193789,0.048478239,0.085724541,0.080435642,0.041227281,0.045273943,0.046024228
2020-12-18,-0.012568352,-0.007613881,-0.001403115,0.017967917,0.019382371,0.004000224,0.034935878,0.01639063
2020-12-21,-0.018113795,0.003349111,0.002033875,0.001668057,-0.004493758,-0.033398418,-0.068200195,-0.044655105
2020-12-22,-0.001621346,-0.018042294,-0.038786421,-0.035051638,-0.013889112,-0.002326011,0.000942014,-0.018527979
2020-12-23,0.006240494,-0.008622025,-0.000291375,-0.025642431,-0.037367145,0.008629411,0.007452415,0.014647805
2020-12-24,0.00320051,0.012669477,0.012596996,0.017554576,0.021254006,0.023328398,0.019792447,0.024537437
2020-12-28,-0.002872524,0.008981569,0.009237776,0.020666637,0.03084637,0.016799697,0.021104311,0.017677105
2020-12-29,0.004064868,-0.015815612,-0.022417777,-0.041769413,-0.019884194,-0.012429698,-0.020849826,-0.024102274
2020-12-30,0.006536458,0.021991168,0.009648593,0.021682654,0.014667404,0.032967976,0.01715481,-0.006566534
2020-12-31,-0.003801301,-0.005328532,-0.006809647,0.040891557,0.01208389,0.014679508,0.009955284,0.044751179
2021-01-04,0.017862801,0.072594925,0.085835527,0.063599015,0.0441238,0.046710868,0.068847574,0.038756196
2021-01-05,0.007280876,0.026233736,0.031583992,-0.00366205,0.04033544,-0.037502795,-0.064005429,-0.061101068
2021-01-06,0.015248207,-0.023143298,-0.027589313,-0.012127752,-0.031289217,0.008566022,0.007268473,-0.005922825
2021-01-07,0.01898307,-0.010448222,-0.012099482,-0.026883339,-0.028341162,0.027507332,-0.001763151,0.014282127
2021-01-08,0.007526778,-0.030604999,-0.029276375,-0.056037068,-0.045573273,-0.009662425,0.011889819,0.025610573
2021-01-11,0.003782872,0.014613922,0.00758886,0.014306396,-0.003428085,0.003491104,-0.004563779,-0.012102376
2021-01-12,-0.003532271,-0.008400714,-0.013701688,-0.025900728,-0.008477671,-0.017958536,0.000243279,-0.004450513
2021-01-13,-0.000953944,0.010316556,0.00076615,-0.011140543,0.006042314,0.039181572,0.039304911,0.039958312
2021-01-14,0.00644227,-0.037821415,-0.036370223,-0.036629733,-0.044132354,-0.010650818,-0.009587891,-0.033742658
2021-01-15,-0.005257929,0.005344072,0.010772097,-0.011070224,0.014731313,0.000428482,0.015650212,0.000952835
2021-01-18,0.002579215,-0.004883243,0.007401115,-0.025048273,-0.021047124,0.004904549,-0.009482729,-0.004964685
2021-01-19,-0.001737394,-0.032722636,-0.053071152,-0.017914747,-0.025050951,0.012856654,0.040472736,0.017739876
2021-01-20,0.007912234,0.018191165,0.02736058,0.012828912,0.016871566,-0.010648924,-0.047301594,-0.018697455
2021-01-21,0.001034896,-0.004333447,0.049461995,0.025795705,0.006820792,0.053808876,0.039291596,0.026798078
2021-01-22,-0.002917541,0.000440057,-0.011279886,-0.021978907,-0.015067632,0.00764763,-0.014600136,-0.031599777
2021-01-25,0.00889823,0.044150759,0.04905355,0.049545737,0.039244305,-0.039150316,-0.03209082,-0.028759641
2021-01-26,-0.009903612,0.001878514,-0.025319518,-0.015220994,-0.002361973,0.006627124,0.009240677,-0.012762524
2021-01-27,-0.017980387,-0.007168489,-0.018983761,-0.014833399,-0.026356722,-0.029771285,-0.041608467,-0.051845351
2021-01-28,0.006702078,0.003267332,0.032027425,0.006207345,0.022358197,0.053318932,0.028981917,0.024842108
2021-01-29,-0.011690568,0.016842269,0.004646317,0.002472189,0.034707479,-0.059290119,-0.010371744,-0.021097279
2021-02-01,0.005181512,-0.023246127,-0.038417542,-0.001853569,-0.037977399,0.059612952,0.023941246,0.034868006
2021-02-02,-0.001003742,-0.023538584,-0.028681639,-0.046196129,-0.029000673,-0.071389996,-0.040439174,-0.029460175
2021-02-03,0.004405298,0.009057145,-0.009311121,0.008384441,-0.017157852,0.014698118,0.006017483,0.010055048
2021-02-04,0.012233898,-0.041688581,-0.019921561,-0.046000225,-0.043332679,0.012216414,0.052541174,0.023261629
2021-02-05,0.007858831,-0.004620886,0.006341736,0.031769714,0.006976584,0.021558121,-0.006220715,0.010429094
2021-02-08,0.011901156,0.032197846,0.039915968,0.054512862,0.021592202,0.041666604,0.013230521,0.011313071
2021-02-09,0.001589903,0.001222387,-0.01551743,0.008599562,-0.015467103,-0.002311547,-0.000459664,-0.029112893
2021-02-10,0.015050223,0.016443469,0.031006404,-0.02226437,0.016099814,0.022436761,0.052352503,0.054604134
2021-02-11,-0.004060944,0.020363496,-0.015842193,-0.01702974,-0.021093783,-0.005159989,-0.018450952,-0.023510944
2021-02-12,0.003780182,-0.028868805,-0.031728185,-0.03429647,-0.054255654,0.001277511,0.000888494,0.014143535
2021-02-15,0.014897497,-0.007792736,0.028614461,0.030472374,0.001533351,0.060803364,0.034392846,0.037142341
2021-02-16,0.001521974,-0.010466096,-0.042642821,-0.057834775,-0.005805036,-0.014647407,-0.013085066,-0.008209142
2021-02-17,-0.001741887,-0.078914339,-0.035381937,-0.056362742,-0.041964199,-0.031949965,-0.001043796,-0.040360213
2021-02-18,-0.007998067,-0.043249808,-0.036759377,0,-0.0174732,0.022519079,0.023863376,0.015466244
2021-02-19,0.013270831,0.017316165,-0.001909764,0.002145156,0.0174732,0.012408397,0.024717483,0.047239435
2021-02-22,-0.001513636,0.009096879,0.0294312,0.023297912,0.033365694,0.015098943,0.023433132,0.01763293
2021-02-23,-0.02162708,-0.033879247,-0.017948199,-0.034070009,-0.005021221,0.006130519,-0.041206731,-0.037943423
2021-02-24,0.004225787,-0.008365438,-0.029161243,-0.002892265,-0.020340873,-1.676E-05,-0.005373059,0.007348125
2021-02-25,0.019195036,0.035787922,0.028688691,0.02078183,0.037379406,0.048019432,0.069159715,0.073145429
2021-02-26,-0.020142755,-0.013204864,-0.009180185,-0.011412392,-0.021038886,-0.023604286,-0.026230749,-0.032586281
2021-03-01,0.020930783,-0.01184506,-0.003823487,0.025497132,0.002958325,0.040965916,0.040264274,0.028127062
2021-03-02,0.014315812,-0.005388142,0.012373254,-0.029810582,0.014661755,0.034087136,0.05446571,0.052075094
2021-03-03,-0.002688884,-0.000604209,-0.003632634,-0.010865735,0.027028672,0.002818255,-0.015347094,-0.005965435
2021-03-04,-0.008572679,0.019254706,0.031078478,0,0.02810143,0.010535708,0.005166809,0.021564959
2021-03-05,0.007758611,0.041041989,0.044328379,0.013743435,0.02148207,0.022824359,0.017839771,0.005960661
2021-03-08,0.002267638,0.058835984,0.031771625,0.010007231,0.033684769,0.017173637,0.02248916,0.005237208
2021-03-09,0.003352592,0.029428572,0.070649873,0.042470706,0.068450885,0.025198765,0.021678662,0.012234538
2021-03-10,-0.002026348,-0.025590938,-0.072641905,0.011521646,-0.019229972,0.015141504,0.022454916,0.017722033
2021-03-11,0.003759436,0.016344805,0.022672238,-0.010840215,-0.015150691,-0.047863065,-0.023648988,0.01517101
2021-03-12,-0.008251905,-0.017235964,-0.035501656,-0.035358969,-0.045017831,-0.026871439,-0.030578403,-0.017019694
2021-03-15,-0.009478015,0.011670468,0.010690685,0.029894475,0.018281483,0.012330612,0.002713706,-0.038568957
2021-03-16,-0.004108988,-0.006364944,0.017123464,0.004101168,0.011653556,0.015979488,0.007738723,0.017522249
2021-03-17,-0.011883189,-0.036792541,-0.012708446,-0.022069861,-0.017608227,0.004294001,-0.051274423,-0.007952408
2021-03-18,0.003681491,-0.008933857,0.005950712,0.034273403,0.006106889,0.021522149,0.007482504,0.031633439
2021-03-19,-0.012491136,0.002595959,0.019583784,-0.015620012,-0.002133172,-0.005492072,-0.021774978,-0.039690451
2021-03-23,-0.009033682,-0.04817924,-0.03977496,-0.042648896,-0.040783862,-0.018656278,-0.021594431,-0.035387572
2021-03-24,-0.000940911,-0.036377241,-0.030292044,-0.036367644,-0.039208003,0.01599132,0.013251918,-0.006966005
2021-03-25,-0.00728206,-0.009211679,0.010273177,-0.002967361,0.001321004,0.011034783,0.025198124,0.025003407
2021-03-26,0.031158995,0.028933298,0.007253045,0.014017197,0.03566018,0.049240984,0.03582837,0.058806055
2021-03-29,0.003813977,0.054098419,0.027503533,0.007299302,0.033508693,-0.028682161,-0.020289434,0.002466382
2021-03-30,0.003010695,0.002150304,-0.021608105,-0.00656697,-0.023526831,-0.016540094,-0.003043916,-0.00281922
2021-03-31,-0.012055586,0.00189715,-0.002106717,-0.009562412,-0.013171658,0.004825414,0.017505192,0.009172407
2021-04-01,0.01123256,0.036547398,0.071689642,0.0574458,0.096036027,0.000181198,0.012669196,0.005617883
2021-04-06,0.012233543,0.003707695,0.013914788,0.021402267,0.037595201,0.0263485,0.025042718,0.036493201
2021-04-07,-0.013362737,-0.046301173,-0.030362864,-0.034042884,-0.028350588,-0.015462757,0.005403143,0.00074474
2021-04-08,-0.001586268,0.008559697,0.008087221,0.025812385,0.02849034,-0.0070789,0.014830523,-0.005486829
2021-04-09,0.002045362,0.001579412,-0.014923084,0.004123717,-0.024902249,0.00084657,-0.025984559,0.001981717
2021-04-12,-0.011996586,-0.040350203,-0.040510258,-0.026408762,-0.046178963,-0.028412681,-0.027332141,-0.021140042
2021-04-13,0.010227232,0.00514173,-0.015047716,0.013291556,-0.023530497,0.019606716,0.010670144,0.026132973
2021-04-14,0.010967409,-0.021775211,-0.008902027,-0.028190732,-0.038680153,-0.025700412,-0.015591324,-0.007648578
2021-04-15,0.000161462,0.020428064,0.013068243,0.014899176,0.012534873,-0.037666325,0.004011676,0.005080704
2021-04-16,0.012828598,0.027478779,0.042413725,0.034605529,0.044410628,0.03594651,0.040025317,0.027527877
2021-04-19,-0.008838226,-0.022196823,-0.024414757,0.016194686,-0.005596324,-0.022125955,-0.006912672,-0.01185172
2021-04-20,-0.018658543,0.005254203,0.006426757,0.004008021,0.001212673,-0.004914015,-0.013970372,-0.022631276
2021-04-21,0.004630955,0.010520593,0.032149003,0.033434776,0.023801737,0.028333699,0.048847973,0.034954156
2021-04-22,-0.002596981,-0.004378029,-0.003383163,-0.000644953,0.010740926,-0.017925004,-0.031362659,-0.034954156
2021-04-23,0.004828288,-0.02538256,-0.018991006,-0.024821653,0.005836876,0.010426915,0.001962984,0.009411483
2021-04-26,0.004105492,-0.010414727,-0.000352497,-0.006635724,0.02215918,-0.010056476,-0.01396454,-0.021073973
2021-04-28,0.002476044,-0.027260849,-0.050247296,-0.02425995,-0.034456217,0.004376375,-0.002666905,0.000986568
2021-04-29,-0.005141175,-0.015108177,-0.011859173,-0.016506565,-0.026871299,-0.015485613,-0.010667341,-0.005400074
2021-04-30,-0.006785419,0.024344572,0.028987537,0.001386002,-0.000302663,-0.022177459,-0.023080748,-0.04787733
2021-05-03,-0.00525393,0.033509514,0.02526132,0.011019395,0.026437205,-0.002744566,-0.004096325,0.018272769
2021-05-04,-0.006210616,0.003858154,-7.10707E-05,0.016978337,-0.008734973,-0.028133059,-0.016555188,-0.017952807
2021-05-05,0.017559148,-0.011165008,-0.011652561,-0.055377469,-0.027588996,0.014101419,-0.003691292,0.009353488
2021-05-06,0.003893152,0.030455963,0.030451298,0.03908383,0.054726709,-0.048051888,-0.003932249,-0.042156641
2021-05-07,0.013379185,0.020684807,0.023369898,0.02701042,0.025433576,0.038890261,0.022105729,0.017937333
2021-05-10,-0.002078794,-0.015692568,0.024965129,-0.005344034,0.013870625,-0.03661893,-0.008858509,0.007601525
2021-05-11,-0.016753868,-0.020152214,-0.023467206,-0.020982157,-0.055351226,-0.005512738,-0.023260821,-0.028435611
2021-05-12,0.002719036,0.035937273,0.031542442,0.024325524,0.004548464,-0.014400384,-0.008994526,0.000869907
2021-05-13,-0.018798256,-0.010755291,-0.008740041,-0.004683849,-0.027455906,-0.024127444,-0.013253979,-0.026729799
2021-05-14,0.006469713,0.034005421,0.038934199,0.058610522,0.029941469,-0.007951355,0.008338252,0.006654682
2021-05-17,0.00925118,0.05245527,0.052942184,0.078435812,0.09653076,0.018283805,0.018072549,0.014053129
2021-05-18,0.000562348,0.020173554,0.020178441,-0.012948974,0.023974424,0.012771326,-0.005425866,0.01007158
2021-05-19,-0.021022524,0.038707775,0.01797073,0.030340717,0.003231021,-0.03846671,-0.090906099,-0.041726221
2021-05-20,0.004070767,-0.023612625,0.010109312,-0.008658063,0.007584071,0.013876512,0.009646176,-0.004438419
2021-05-21,0.001729935,-0.025682922,-0.022270552,-0.019315789,-0.023844592,-0.026771416,0.003111971,0.004954237
2021-05-24,-0.00278184,-0.00496631,-0.004383634,0.036557596,-0.020671201,-0.021221976,-0.033875838,-0.051587369
2021-05-25,0.000329369,-0.001736927,0.003969787,-0.031840606,-0.007256146,0.012617356,0.003892304,-0.0091823
2021-05-26,0.000477362,-0.040389854,0.001890471,0.001763151,-0.013304568,-0.008509199,-0.011722658,-0.007655496
2021-05-27,0.012507185,-0.010979941,0.001061822,-0.01717543,-0.023088051,0.011667805,0.042161801,0.037305627
2021-05-28,0.009139579,-0.010010335,-0.016286618,0.010104098,-0.008285982,0.007208737,-0.014557391,-0.017801705
2021-05-31,0.006038734,0.030764312,0.039423522,0.0216446,0.042788752,0.045680674,0.051188247,0.050552915
2021-06-01,0.014009168,-0.031795147,-0.038525022,-0.005221944,-0.031151747,-0.019067863,-0.013463481,-0.020370834
2021-06-02,0.001829214,-0.013744451,-0.015628618,0.012142387,-0.000697204,-0.007713183,0.003029999,0.009239954
2021-06-03,-0.018382076,-0.037666994,-0.031821288,-0.025023127,-0.042893232,-0.014752794,-0.012829016,-0.031824273
2021-06-04,0.000496105,-0.008981904,-0.019526422,0.014043531,-0.011422001,0.000171935,0.017256474,0.007940444
2021-06-07,-0.003686699,-0.020739458,-0.020045935,0.008101896,-0.028835941,-0.022655863,-0.009442026,-0.013689651
2021-06-08,0.001026769,-0.01638511,-0.018458006,-0.008683123,-0.02408646,-0.030708644,-0.00675266,-0.020202707
2021-06-09,0.00054121,-0.006374149,-0.008619879,-0.004078071,-0.015019056,0.015463267,0.007198518,0.006231692
2021-06-10,-0.002050224,0.002890175,0.002078236,-0.009973682,0.00126024,-0.003828521,-0.018321373,-0.003065172
2021-06-11,0.00267723,-0.002183664,0.005609738,0.012306045,-0.000945031,-0.012965483,0.001937945,-0.000229121
2021-06-14,0.003207306,-0.02299734,-0.040084165,-0.043446285,-0.023114124,0.000822846,-0.002515932,0.014423436
2021-06-15,-0.009329466,-0.01511818,-0.016353709,-0.006713483,-0.029125095,-0.013363933,-0.014140389,-0.017498738
2021-06-17,-0.010830598,-0.047655318,-0.066419282,-0.078971634,-0.026582992,-0.041121349,-0.047783341,-0.042157951
2021-06-18,-0.014373941,0.007301967,0.005631703,0.005946499,0.014220656,-0.008691384,0.006306682,0.010920731
2021-06-21,-0.001093761,-0.015765679,-0.009026011,0.005256254,-0.015244198,-0.014457364,0.004052028,-0.007617633
2021-06-22,-0.000179384,-0.025943394,-0.020611417,-0.008555498,-0.030851667,-0.000294167,0.008917422,0.018279621
2021-06-23,0.004078521,0.021127679,0.023930421,0.019634139,-0.015611458,0.045980485,0.033520798,0.023879656
2021-06-24,0.006721097,0.00359546,-0.009305912,-0.021618923,-0.015859046,0.003540422,0.021602852,0.019420729
2021-06-25,-0.000724945,-0.020748796,-0.022289755,-0.009983444,-0.025760394,0.022377584,-0.011939338,-0.007940488
2021-06-28,-0.006152348,0.001698466,-0.004518197,-0.003350087,-0.010304541,-0.002339154,-0.006127369,-0.008552115
2021-06-29,0.011172387,-0.012141136,-0.007759572,0,-0.023243569,-0.003519022,-0.014473001,-0.001005576
2021-06-30,-0.004517866,0.013347182,0.010254894,0.002011399,0.016819968,0.009423372,-0.007825263,-0.007989023
2021-07-01,0.004624098,0.020910581,0.02385646,0.025133598,0.042670172,0.025109378,0.036196254,0.039321769
2021-07-02,-0.003492189,-0.001328806,0.00659418,-0.018458006,-0.020551182,-0.006638,-0.012569969,-0.012981112
2021-07-05,-0.002368622,0.022425249,0.003694911,-0.006006024,0.027609396,0.021718675,0.015432723,0.016608793
2021-07-06,-0.004804102,0.017932725,0.013531399,0.029025784,0.016100527,-0.008087125,0.001509865,0.003086422
2021-07-07,0.014422806,-0.004943199,-0.010150098,0.00712669,-0.014478759,0.048934977,0.031784377,0.04367243
2021-07-08,-0.023671861,-0.011401651,-0.030464621,-0.035483355,-0.019086283,-0.065373769,-0.075457984,-0.088004135
2021-07-09,0.017353289,0.001153236,7.73305E-05,-0.022320846,-0.009959507,0.000107428,0.003019801,-0.000690528
2021-07-12,0.01358141,0.023458459,0.041576427,0.012912174,0.038186458,0.006703311,0.017220391,0.013584493
2021-07-13,-0.003051908,0.026696023,0.018884429,0.004715401,0.047897705,0.025639204,0.043776384,0.048028385
2021-07-14,0.011991473,-0.000685354,0.015815459,0.009364617,0.009815614,0.013920034,0.026495794,0.022011851
2021-07-15,-0.005301253,6.85565E-05,-0.001649278,0.008617886,-0.0060811,0.004718277,-0.01544947,-0.015796093
2021-07-16,-0.015053675,-0.008571629,-0.005252755,-0.011284554,-0.002544746,-0.04669314,-0.051696858,-0.05102382
2021-07-19,-0.026267164,-0.022409999,-0.023357021,-0.035329761,-0.010759219,-0.040671466,-0.047858469,-0.045535041
2021-07-20,0.014095907,0.021891282,0.016479664,-0.001384083,0.026767649,0.027096502,0.014990966,0.020081373
2021-07-21,0.012606157,-0.01744636,-0.016775107,0.004835933,-0.018900326,0.00175133,0.003520072,0.004495639
2021-07-22,0.012627561,0.002039454,0.004643116,0.013009427,0.003571129,0.026377047,0.016321342,0.015190398
2021-07-23,0.009735664,-0.004153619,-0.008121123,-0.003407158,-0.014878428,0.002631965,0.006806463,0.005405296
2021-07-26,-0.000185873,0.020597691,0.021487278,0.007480484,0.034877414,0.075889595,0.048546875,0.04009149
2021-07-27,-0.010493055,0.004653977,0.003042599,0.005405419,-0.008522067,-0.011254335,-0.009659587,-0.01658733
2021-07-28,0.017441565,0.009754505,0.021113685,0.016706035,0.011512599,0.026679054,0.026587693,0.005911695
2021-07-29,0.015058351,0.018693394,0.028623246,0.028097242,0.035365863,0.027786648,0.042273603,0.020290677
2021-07-30,-0.008581937,-0.019988511,-0.01358114,-0.020834087,-0.034536744,-0.005782708,-0.007471733,-0.004059955
2021-08-02,-0.002148578,-0.017442003,-0.009251538,0.004594691,-0.00932563,-0.01281766,-0.010241271,-0.011141207
2021-08-03,-0.001701903,0.011593133,0.014470212,-0.001310616,0.012304778,0.011841915,0.005495358,-0.002453774
2021-08-04,0.002795129,0.0002401,0.015767876,0.000655523,0.009539546,0.001434589,0.002622529,0.01545424
2021-08-05,-0.00767561,-0.036959741,-0.036382825,-0.030607845,-0.046403099,-0.027647634,-0.034680646,-0.04055384
2021-08-06,0.004417821,-0.128237853,-0.070436147,0.022713067,-0.048841606,-0.003575536,-0.026924244,-0.000855105
2021-08-10,0.01342408,-0.083978078,-0.04859634,-0.08186074,-0.06894143,-0.025867785,-0.028665818,-0.038320623
2021-08-11,0.000217211,0.053124239,0.059182451,0.00286328,0.037854633,-0.081524796,0.031648729,0.025268684
2021-08-12,-0.003096124,-0.04597775,-0.042170528,-0.014399097,-0.042495013,-0.013679972,-0.027254757,-0.010178438
2021-08-13,-0.000247718,0.023871809,0.033483032,0.0007249,0.026770241,-0.004721841,0.001570508,-0.000368732
2021-08-16,-0.008104555,0.013684045,0.010641208,0.020796734,0.022388995,0.012859536,-0.007710842,-0.001938075
2021-08-17,0.001671403,0.036723732,0.020948619,0.009184098,0.033027861,0.022628996,0.014255556,0.025672249
2021-08-18,-0.015114412,-0.047553857,-0.046418503,-0.029980832,-0.059386991,-0.010295462,-0.017423413,-0.017484154
2021-08-19,-0.026747024,0.025698425,0.033395751,-0.019020325,0.02303257,-0.063995464,-0.076902595,-0.078253795
2021-08-20,-0.001550356,0.008544767,0.025297327,0.003685961,0.021427429,-0.037975444,-0.070991518,-0.060132422
2021-08-23,0.012317807,0.006309945,0.004925761,0.013884037,0.029106599,0.062631713,0.072568273,0.075861426
2021-08-24,0.009269155,0.009997645,0.022223931,0.008670575,-0.014893892,0.000408201,0.00547676,-0.008374397
2021-08-25,1.97177E-05,-0.041784553,-0.050066597,-0.044124805,-0.039163552,-0.023259045,-0.01975786,-0.036509726
2021-08-26,-0.005711069,0.022595592,0.017820796,0.04268492,-0.001301236,-0.00015824,0.006553819,0.003309997
2021-08-27,0.008571345,0.01882495,0.020373483,0.0028777,0.041357565,0.051855567,0.02490945,0.030885654
2021-08-30,-0.008631584,-0.013972568,-0.030791773,0.002152853,-0.009864666,-0.02446395,-0.019074574,-0.015498795
2021-08-31,0.005401648,0.000574147,0.006542457,0.020575398,-0.038773805,0.015159029,0.005262815,0.001200781
2021-09-01,-0.00672438,0.006416173,-0.007575515,-0.01343251,-0.008467451,-0.042170912,-0.016236986,-0.029327317
2021-09-02,-0.004816283,-0.024703815,-0.040145467,-0.03993271,-0.062977634,-0.044305661,-0.071092562,-0.04739574
2021-09-03,-0.00424579,0.02718566,0.034221718,0.025595547,0.012598907,0.037766785,0.017952061,0.028002894
2021-09-06,-0.001780048,-0.042586116,-0.014663239,-0.027078127,-0.036838814,-0.043511297,-0.048674764,-0.037332535
2021-09-07,0.003933311,-0.013404111,-0.024180271,-0.000742115,-0.034612789,0.015053764,0.003376764,0.014284411
2021-09-08,-0.014989042,-0.034407014,-0.0448449,-0.014959142,-0.042958747,-0.028913336,-0.025066267,-0.017559523
2021-09-09,-0.020799679,-0.026959213,-0.013576892,-0.018251457,-0.022761546,-0.056179235,-0.061327805,-0.049252272
2021-09-10,0.001860787,-0.004029309,-0.015508023,-0.020939113,0.007720293,-0.019132722,-0.026119851,0.009204536
2021-09-13,0.005525637,0.022860212,0.019021529,0.033901552,0.046190953,0.050085985,0.032789823,0.03999306
2021-09-14,-0.005457206,0.010482978,0.037305214,0,0.038971471,-0.056989963,-0.038719531,-0.049887053
2021-09-15,0.001315921,-0.002844067,-0.006306185,-0.019893541,0.006212486,0.043008982,0.033584311,0.014832835
2021-09-16,-0.016780183,-0.043010539,-0.065013092,-0.026626475,-0.066577483,-0.059288712,-0.046639996,-0.05296672
2021-09-17,-0.007134431,0.006436846,-0.010519269,0.04044097,0.019664169,-0.007441367,0.016166108,0.050642259
2021-09-20,-0.022688609,0.006258073,0.04069236,0.004562746,0.021828386,-0.017497657,-0.010786366,-0.034708262
2021-09-21,0.014679675,0.044016885,0.006773048,-0.017604741,0.02838254,0.016289569,-0.042142786,0.002171936
2021-09-22,0.015764049,0.00895848,0.014853357,-0.00231929,-0.00888711,0.032458439,0.028928001,0.035540098
2021-09-23,0.010926145,-0.031285691,-0.040304634,-0.02191011,-0.036790619,-0.006987476,0.034672413,0.0010181
2021-09-27,0.002312892,0.027449926,0.022192884,0.003947893,0.036790619,-0.026334777,-0.047126744,-0.043383359
2021-09-28,-0.006453285,-0.001179838,-0.014878413,-0.023117809,-0.021402412,-0.023440325,-0.039904948,0.006590585
2021-09-29,0.009040385,-0.004381936,-0.007982083,-0.026973438,-0.02578016,-0.025225103,0.00407506,0.009166074
2021-09-30,-0.001273112,0.043020621,0.028717981,-0.005816385,0.020677024,0.028688596,0.041144856,0.041270549
2021-10-01,-0.009703632,-0.000967993,-0.008799144,0.009950331,-0.005986762,-0.000590479,-0.005490668,-0.023472077
2021-10-04,0.007324079,0.055088349,0.032684226,0.030871664,0.024572302,0.022646713,0.030911867,0.047059636
2021-10-05,0.006432975,-0.010938705,-0.023722863,-0.035834453,-0.011998881,0.00048732,-0.019670885,0
2021-10-06,-0.008649405,0.024003541,0.003885386,0.020517749,0.030039806,-0.012133426,-0.015525906,-0.015976622
2021-10-07,0.018131159,0.025283391,0.04254615,0.012913819,0.045202031,0.069532913,0.085907827,0.103033387
2021-10-08,0.001301377,0.01200815,0.009938066,-0.009669697,0.009967834,0.062766745,0.088984238,0.131676203
2021-10-11,0.013071699,0.012726555,0.025356136,0.033442607,0.033655184,0.008326818,0.010268594,-0.014592363
2021-10-12,-0.001709755,0.015518001,0.018512191,-0.024575157,0.025985129,0.016104755,0.03774757,0.009238656
2021-10-13,0.000373785,0.031117651,0.027712224,0.074222618,0.026041255,0.032858659,-0.001601659,0.004302781
2021-10-14,0.0125455,-0.002753394,0.000285408,0.010378151,0.007469357,0.01104218,0.043272434,0.017458969
2021-10-15,0.002729413,-0.013228517,-0.021124754,-0.00221484,0.00582989,0.009514467,-0.000180611,-0.022950471
2021-10-18,-0.003538613,-0.007831749,-0.000728916,-0.013393057,-0.009557595,-0.022944618,0.002480552,0
2021-10-19,-0.000238829,-0.010624905,0.000145826,-0.000749344,-0.008573012,0.006640751,-0.002029084,0
2021-10-20,0.001775256,0.023270882,0.01806277,0.015619507,0.030385662,-0.002189896,-0.017438464,0.00903396
2021-10-21,-0.012594452,-0.003363901,-0.012754632,-0.018622512,-0.01985831,-0.031089005,-0.044230485,-0.012520207
2021-10-22,0.014919581,0.057242951,0.07372457,0.04268492,0.055747329,0.019940336,0.013778854,0.025919943
2021-10-25,-0.00104543,-0.009834003,-0.026071223,-0.010137668,-0.020350032,0.027740605,0.005100847,0.010071873
2021-10-26,0.009433651,-0.010420379,0.00262413,-0.021332181,-0.007048942,-0.014339543,-0.005763977,-0.008307332
2021-10-27,-0.002076092,0.013180905,0.011724107,0.063376136,0.00619197,-0.025002172,-0.013691982,-0.030650729
2021-10-28,0.004210164,0.00946574,0.002382818,-0.016180444,-0.011381395,-0.005139451,-0.004429046,0.009487528
2021-10-29,-0.004364307,-0.026564927,-0.025830551,-0.027320175,-0.038360868,-0.005936729,-0.045757519,0.004644649
2021-11-02,0.004695274,0.003114886,0.002578488,-0.020619287,-0.015985808,-0.012131079,0.002119072,0.048009219
2021-11-03,0.011807473,-0.020547217,-0.013029957,0.005934736,-0.010122475,0.022835536,0.021391457,0.033031729
2021-11-04,-0.006304819,0.012759344,0.007796352,0.019048195,0.004061294,0.031175421,0.033092147,-0.000241906
2021-11-05,-0.004866258,-0.010443497,-0.018572013,-0.030204874,-0.014474181,-0.036252357,-0.052167855,-0.031665455
2021-11-08,0.003297012,0.014239769,0.008728722,0.028752441,0.027469697,0.004743549,-0.004384314,0.012449752
2021-11-09,-0.000972268,0.002207855,0.009703353,-0.005100193,-0.010787197,-0.017784773,-0.041295591,-0.167648414
2021-11-10,0.004347495,0.097770346,0.075062164,0.063670723,0.073516936,0.057991762,0.039728708,0.015913153
2021-11-11,0.012403101,0.044791249,0.0479088,0.031041629,0.079582771,0.069767455,0.052999057,0.030993438
2021-11-12,0.011360114,-0.022812343,0.001360376,0.013201512,-0.007599783,-0.06678448,-0.025065673,0.001807188
2021-11-15,0.002416367,-0.010772097,0.001975431,-0.000655953,-0.002386826,0.012074301,0.022038789,0.023788862
2021-11-16,0.012024203,0.028319107,0.055653187,0.019493795,0.039208458,0.017186574,0.028789544,0.011104482
2021-11-17,5.55396E-05,0.002773082,0.011022272,-0.0064558,0.031217192,-0.008944437,0.012913595,-0.021556747
2021-11-18,-0.001068762,-0.001248459,-0.013241381,-0.024255532,-0.00909843,0.008347839,-0.017083293,0.023075689
2021-11-19,-0.006940408,-0.001219512,0.00472428,0.006613781,-0.007519963,-0.007403492,-0.023754086,-0.001653078
2021-11-22,0.006930389,-0.008578484,-0.007065517,-0.039669067,-0.03753132,0.010965861,-0.011508275,0.018474332
2021-11-23,0.002107961,0.000276885,0.019038244,0.006153866,-0.003296965,-0.018321609,-0.03539185,-0.007667262
2021-11-24,-0.006449076,-0.01191356,-0.014127964,-0.014418375,-0.017449681,0.000502563,-0.022006899,-0.023859147
2021-11-25,-5.95265E-05,-0.009068513,-0.014626241,-0.005547864,-0.033024555,-0.001278095,-0.003922181,0.005691844
2021-11-26,-0.027877134,0.025524327,0.035801127,0.028788828,0.065303197,-0.053943311,-0.07014221,-0.068413889
2021-11-29,0.020106214,-0.012665223,-0.012639488,-0.014976454,-0.009340043,0.036715314,0.058962518,0.054625571
2021-11-30,0.006641087,0.067826155,0.084976082,0.014976454,0.067427681,0.047748361,0.056469688,0.014598799
2021-12-01,0.010207673,0.028030807,-0.017518462,-0.003384098,0.018396984,0.044537899,0.040958383,0.004490757
2021-12-02,-0.002493764,-0.054754662,-0.050033979,-0.052185753,-0.04221644,0.004241907,0.031976958,-0.02577977
2021-12-03,-0.003005748,-0.014328782,0,0.007117468,0.011462723,-0.013670849,0.0027528,-0.002301497
2021-12-06,0.002947735,0.010481993,-0.001819837,0.01268516,-0.006832048,0.011681189,0.006666996,0.022329476
2021-12-07,0.026712691,-0.022418535,-0.023206638,0.00139958,-0.015469258,0.020952069,0.020273704,0.011648877
2021-12-08,-0.007366877,-0.039291603,-0.042243045,-0.003502631,-0.045518694,0.003208796,-0.041106354,-0.05000471
2021-12-09,-0.002714032,-0.000794799,0.003276304,-0.026307952,-0.018061707,0.012873776,-0.003538014,-0.051847984
2021-12-10,-0.007245923,-0.017971089,-0.028757742,-0.023324673,-0.035125883,-0.02808716,-0.036424644,-0.02390751
2021-12-13,-0.003583805,-0.016388993,-0.007132162,-0.011869576,-0.009567845,-0.021673632,-0.012997627,0.006444814
2021-12-14,0.001607977,0.014022358,0.008378191,0.007434978,-0.003378952,0.017237824,0.036892485,-0.001255493
2021-12-15,-0.001085923,-0.001916861,0.012006581,-0.029314388,-0.004409776,-0.034379087,-0.001275842,-0.01677305
2021-12-17,-0.003701405,0.049579632,0.047632341,0.015140335,0.051998468,0.031297007,0.038631314,0.027021859
2021-12-20,-0.015790462,-0.030861603,-0.040277113,-0.032839912,-0.029144171,-0.027673522,-0.056425462,-0.023603924
2021-12-21,0.014613135,0.025586675,0.02502769,0.01693651,0.042608071,0.022404764,0.04305285,0.03251708
2021-12-22,0.003364584,-0.014951148,-0.00059577,0.009874748,0.000954806,0.005862419,-0.002123045,0.018801677
2021-12-23,0.004544791,-0.006272394,-0.015615933,-0.019077267,-0.007023173,0.000151159,0.013218478,-0.012658397
2021-12-24,-0.001583892,-0.00465043,0.002357993,0.012251302,-0.000801218,-0.002960158,-0.011372096,-0.00201084
2021-12-28,0.012136094,0.026527089,0.029865396,0.015106027,0.027043634,0.012298782,0.008038075,0.017181801
2021-12-29,0.010893521,-0.022862272,-0.010487958,-0.024280404,-0.013825829,0.004934867,0.008200875,0.013850172
2021-12-30,0.007460426,0.029153842,0.031713529,0.029514061,0.032223194,0.007466496,-0.006235654,0.003515777
2021-12-31,-0.001044911,0.015421002,-0.000746247,-0.015783868,0.020018867,-0.004843023,0.026937352,-0.006423241
2022-01-03,0.000179337,-0.015668198,-0.01702711,0.002270149,-0.046091107,-0.00729771,-0.029543247,-0.004784698
2022-01-04,0.017872472,-0.010843835,-0.000525839,-0.002270149,0.006113351,0.029775825,0.046684383,0.028277453
2022-01-05,0.000118044,-0.002377081,-0.002516166,0.016529302,-0.003600787,0.00219342,0.011338335,0.002421534
2022-01-06,-0.01200434,-0.061474391,-0.076183279,-0.042624413,-0.088666676,-0.008629345,-0.042803799,-0.008923416
2022-01-07,-0.003045545,-0.01340952,-0.003991263,-0.003895603,-0.04845603,-0.006324974,-0.007739521,0.013378594
2022-01-10,-0.001478512,0.006291339,0.018117121,0.003895603,-0.005411269,-0.019501993,0.010216163,-0.004641241
2022-01-11,0.001907283,0.036971144,0.022072413,0.006974069,0.046125324,0.01090152,0.045755163,0.059595173
2022-01-12,0.025536808,0.025149727,0.020640443,0.019121041,0.035627178,0.034747722,0.032920088,0.004242391
2022-01-13,0.000537513,-0.001577138,-0.000358466,-0.009897302,-0.000833681,-0.010902986,-0.030645653,-0.038165102
2022-01-14,-0.010131155,-0.019605033,-0.020342958,-0.000765404,-0.030829,-0.038466176,-0.038272986,-0.033237289
2022-01-17,0.005747803,-0.020555575,-0.031910021,0.00458366,-0.006212272,-0.010916318,-0.004866407,0.003088878
2022-01-18,-0.008473166,-0.02812675,-0.012225788,-0.026256335,-0.016405254,-0.027841213,-0.027864034,-0.038633969
2022-01-19,0.016151816,0.000709519,0.000637146,0.013986242,0.049100147,0.046078358,0.056756942,0.013843221
2022-01-20,0.000749429,0.077753806,0.079552632,0.061350575,0.08706722,0.02138612,0.009950761,0.029917769
2022-01-21,-0.018518575,-0.009671012,-0.002768535,-0.044517737,-0.014384286,-0.030046832,-0.010777226,-0.010609311
2022-01-24,-0.036337831,-0.049213047,-0.027933273,-0.029255358,-0.047863658,-0.031208206,-0.060173244,-0.074046531
2022-01-25,0.002087504,0.025006212,0.028699805,-0.001563722,0.017014102,0.037678847,0.03013565,0.032995454
2022-01-26,0.020293603,-0.003821619,0.009036029,0.004683849,-0.026702987,0.061031362,0.058099675,0.041755616
2022-01-27,-0.003982317,-0.076932487,-0.080237431,-0.044593376,-0.080730513,-0.020170737,-0.033866536,-0.047253642
2022-01-28,-0.000667805,-0.01724912,-0.019815286,-0.036488293,-0.037547695,-0.05256842,-0.028727529,-0.028206038
2022-01-31,0.011499759,0.022631302,0.041044049,0.01758103,0.024402642,0.041046382,0.053199135,0.027270331
2022-02-01,0.007836966,0.017791297,0.013050354,0.015644617,0.017607354,-0.006955778,-0.030353976,-0.020709621
2022-02-02,0.004018931,0.000889862,-0.001040233,0.005702663,-0.00750808,-0.01079953,-0.013251684,0.018193648
2022-02-03,-0.00225108,-0.019239001,-0.022724733,-0.010616678,-0.026915609,-0.009437517,-0.010044027,-0.032582386
2022-02-04,0.002453877,0.018657258,0.010280785,-0.012391732,0.026377155,0.008800864,0.013695779,0.030357141
2022-02-07,0.006277229,0.005904353,0.010360231,0.007453451,0.008224613,0.018251809,0.011930679,0
2022-02-08,0.005415442,0.034350629,0.035319768,0.023645619,0.015372685,0.001131435,0.008354706,0.017762108
2022-02-09,0.007859635,0.013195906,0.013645665,0.024672959,0.008033574,0.024215752,0.001610411,0.002089053
2022-02-10,-0.001379602,-0.012012941,-0.00035057,-0.028710106,-0.006456702,-0.027646325,0.013005433,-0.018713194
2022-02-11,-0.002644213,-0.021040832,-0.029052853,-0.032897704,-0.036912455,0.051505079,0.007526871,0.036415326
2022-02-14,-0.008120816,0.080022068,0.104011995,0.052129065,0.061639227,-0.008405511,0.019241912,0.004709249
2022-02-15,0.00116081,-0.018561293,-0.035203635,-0.033901552,-0.067469085,-0.027759155,-0.038644125,-0.018633038
2022-02-16,0.00852523,0.03383111,0.01155824,0.022728251,0.019720223,0.01617727,0.030587349,0.033003471
2022-02-17,-0.004558061,0.010102169,0.004818219,0.060719037,0.03882789,0.012032036,0.035917635,0.028226751
2022-02-18,0.002801677,0.012597647,0.056808445,0.025355572,0.072605157,0.014227475,0.017126811,0.003722201
2022-02-21,-0.011058806,-0.001849698,0.006503496,-0.016332954,-0.067620188,-0.008856846,-0.020465305,-0.002631342
2022-02-22,0.001658793,0.017699577,0.016050553,0.006713938,0.015145359,0.028876246,0.034313359,0.048588964
2022-02-23,-0.0088529,-0.020181153,-0.007684464,-0.011967233,-0.004570469,-0.005745125,-0.011134781,-0.024088053
2022-02-24,-0.017656656,0.06753694,0.076122618,0.069043033,0.091075047,0.076858249,0.109496039,0.049762801
2022-02-25,0.00718219,-0.077222974,-0.062637202,-0.054106236,-0.096519089,2.79337E-05,-0.018709653,-0.044633904
2022-02-28,0.025082721,0.094119627,0.08618654,0.07701595,0.136448492,0.110945527,0.067227672,0.090668775
2022-03-01,0.01331824,0.039751762,0.038221213,0.014986657,0.046242609,0.047328779,-0.008096104,0.026589806
2022-03-02,0.005501971,-0.004478312,-0.023573168,0.022728251,0.054747603,0.003443546,0.004141643,-0.005979561
2022-03-03,-0.001875207,-0.025036602,-0.00708929,-0.015318315,-0.009190496,-0.002164718,-0.066480561,-0.007525086
2022-03-04,-0.034928597,0.037651569,0.07247321,0.043342306,0.051340815,-0.008962305,-0.016192898,0.011187877
2022-03-07,-0.01943556,0.027980725,0.033630815,0.031005331,0.024462935,-0.060809356,0.008276419,-0.022100347
2022-03-08,-0.012317162,0.023888051,0.048930623,0.008684918,0.039486931,0.00876669,-0.039708009,-0.001246707
2022-03-09,0.003945183,-0.086773726,-0.077931602,-0.093150685,-0.105427736,-0.078950675,-0.022730451,0.000160953
2022-03-10,0.016436959,0.054845893,0.084438319,0.02278919,0.074463227,-0.000895182,-0.004986562,0.013110748
2022-03-11,-0.002758052,-0.029983068,-0.024108097,-0.023467386,-0.030023156,-0.03510258,-0.049048021,-0.036970843
2022-03-14,-0.024483466,-0.023099181,-0.0467789,-0.01572682,-0.030687268,-0.029795457,-0.058348286,-0.065209039
2022-03-15,-0.017898506,-0.024367356,0.001812702,0,-0.021174739,0.003688946,-0.003512164,-0.002333826
2022-03-16,0.039642285,-0.01483167,-0.005871561,-0.016678635,-0.022048137,-0.000310942,0.014625569,-0.001985835
2022-03-17,0.008671232,0.035124373,0.014426866,0.076208078,0.051936953,0.04594602,0.043424249,0.078675793
2022-03-18,0.009711439,-0.023770968,-0.011127789,-0.011100343,-0.023677616,-0.021731623,-0.005534647,0.009549618
2022-03-22,0.012002745,-0.04073489,-0.032792638,-0.082782285,-0.043748379,-0.0175407,-0.004768487,0.010300244
2022-03-23,-0.012130078,0.018097308,0.036796099,0.011347639,0.048850431,0.022989738,0.024436917,0.013320541
2022-03-24,-0.006544114,0.04548265,0.009335103,0.028503841,0.033968511,-0.012932934,0.003757253,-0.06823985
2022-03-25,-0.000339937,-0.046024539,-0.05234648,-0.037713967,-0.034638348,-0.040973129,-0.057249535,-0.088230803
2022-03-28,-0.001755062,-0.018949997,-0.001845749,-0.031817579,-0.028408298,-0.029905314,-0.074908502,-0.040244794
2022-03-29,0.007814327,-0.015292968,-0.032273842,-0.024545673,-0.038509536,-0.00252181,-0.009113277,-0.008499182
2022-03-30,0.008640702,0.026107948,0.026627599,0.04346909,0.056680676,0.056630877,0.064670555,0.085474471
2022-03-31,0.00095188,0.008049428,0.008764452,-0.005059642,0.000270746,-0.02526473,-0.009728994,-0.029459074
2022-04-01,0.005425989,-0.001370411,0.007818512,-0.01754431,0.002568437,0.011722581,-0.005034203,-0.031535718
2022-04-04,-0.000960045,0.002168951,-0.034706033,0.013914542,-0.032938342,-0.027105529,-0.010280443,-0.020124481
2022-04-05,-0.007258555,-0.001711938,-0.016303352,-0.024292693,-0.02643824,-0.008365315,0.000270709,0.01395338
2022-04-06,-0.012397046,-0.026828795,-0.003945321,-0.044959953,-0.015593732,-0.03944754,-0.041777324,-0.040572038
2022-04-07,-0.004731112,0.006986188,-4.59675E-05,0.005441133,0.001018108,0.003370754,-0.009641818,-0.014032339
2022-04-08,0.010324443,0.008498594,0.023442833,0.022231655,0.019007052,0.041984493,0.092647062,0.035276852
2022-04-11,-0.004687866,-0.009372847,-0.003148192,0.009807698,-0.012920076,0.041802113,-0.013247536,-0.00447624
2022-04-12,-0.008426513,0.004508771,0.00896867,-0.00150263,0.010492371,-0.012096142,-0.019311434,-0.025584169
2022-04-13,-0.009163988,0.014178503,-0.00250313,0.026707819,-0.005591813,-0.018892218,-0.01809657,-0.012788413
2022-04-14,0.003469766,-0.017201498,-0.002644022,0.008020459,-0.008229311,-0.00627823,-0.013571342,-0.014289603
2022-04-19,0.006078826,0.004618007,0.000538334,0.002176279,-0.002903603,0.010050336,0.005707726,-0.018939469
2022-04-20,-0.00063463,-0.019251055,-0.009915798,0.004338402,-0.009201847,0.004579498,0.009092426,0.010940458
2022-04-21,-0.005878725,-0.008126991,-0.001405163,-0.011611161,-0.014931167,-0.065880599,0.011261737,-0.003061677
2022-04-22,-0.014916924,-0.021219438,-0.028852801,-0.013965681,-0.020464151,-0.064024056,-0.088144549,-0.044258066
2022-04-25,-0.035411369,-0.032713775,-0.038744614,-0.053984981,-0.044769677,-0.062282347,-0.060802692,-0.044886451
2022-04-26,0.007334116,0.010567882,0.018988673,0.00623055,0.014207027,-0.013640026,0.019231362,-0.025842421
2022-04-28,0.017919547,0.014818287,0.016248232,0.001551591,0.014162559,0.031289231,0.027623136,0.01928689
2022-04-29,0.012553785,0.00854367,0.019532505,0.007722046,0.016704089,0.039097621,0.026735093,0.077606889
2022-05-03,-0.015291453,-0.018243366,-0.019907388,-0.027292142,-0.006709388,0.012538746,0.025093497,0.004540902
2022-05-04,-0.01385264,0.000927845,-0.010791048,-0.011928571,-0.018530487,-0.032826593,-0.041521774,-0.043554186
2022-05-05,-0.00963902,-0.001887523,-0.034314966,-0.016129382,-0.01602548,-0.003915906,-0.024250265,-0.037393297
2022-05-06,-0.024765327,-0.03977465,-0.021910265,-0.023859626,-0.021936673,-0.062072199,-0.057535807,-0.020778769
2022-05-09,-0.017945487,-0.062503723,-0.033274412,-0.077894032,-0.04554144,-0.023814541,-0.001445512,-0.015813162
2022-05-10,0.002955231,-0.047098512,-0.036943515,-0.036667719,-0.042751167,0.013906268,-0.020022314,0.004375081
2022-05-11,0.021416929,0.016831692,0.009417878,0.005586607,0.010379194,0.013511277,0.029035949,0.044254243
2022-05-12,-0.017167586,-0.061697105,-0.058845342,-0.054376771,-0.060045073,-0.07090704,-0.045680954,-0.064576148
2022-05-13,0.020585478,0.040685076,0.043441844,0.021339316,0.035238699,0.091001536,0.098573796,0.120441883
2022-05-16,0.008140045,0.019525724,0.001783254,0.002874942,0.027602602,-0.015431763,0.006825622,-0.037245722
2022-05-17,0.006977734,-0.01498583,-0.035556126,-0.014458083,-0.027064533,-0.005585502,-0.004160094,-0.000221619
2022-05-18,-0.008833475,-0.01978681,-0.006510659,-0.015655897,-0.021935077,-0.024810187,-0.0260006,-0.015017728
2022-05-19,-0.012198425,0.024592442,0.012701248,0.027239038,0.026229233,-0.026353979,-0.027118358,-0.006772799
2022-05-20,-0.009874392,-0.009092769,-0.019311255,0.006695386,-0.011672935,0.011018591,0.028869491,0.002658147
2022-05-23,0.011653576,0.010415638,0.035743938,0.009487737,0.029018503,0.031458418,0.058415507,0.032288654
2022-05-24,-0.009946717,0.007971572,0.003766688,0.009398565,0.010299471,-0.007710903,-0.014028629,-0.019995143
2022-05-25,-0.001559331,-0.029350402,-0.024992336,-0.040081701,-0.038234746,-0.007041125,-0.011087576,-0.012124082
2022-05-26,0.02770344,0.016076818,0.024283754,0.012578782,0.025475681,0.068352035,0.061201243,0.051829631
2022-05-27,0.014313391,-0.005402498,0.009874748,-0.008691508,-0.011143655,-0.009236292,-0.004222583,-0.003329935
2022-05-30,0.020678114,0.014413501,0.029681451,0.027739703,0.017281333,0.003902502,0.012753904,0.010223013
2022-05-31,0.001898191,-0.024503965,-0.220461094,0.0251527,-0.054795925,0.02021569,-0.006473419,0.001117646
2022-06-01,-0.017426537,-0.028567028,-0.020129371,-0.047089679,-0.041668767,-0.024608573,-0.029684493,-0.031007724
2022-06-02,0.002616498,0.046177,0.039541175,0.054422434,0.069890941,0.008582721,0.031038527,0.043850434
2022-06-03,-0.001614028,-0.01571479,-0.0235366,-0.044825431,-0.019580031,-0.041553208,-0.049350231,-0.042698897
2022-06-06,0.002811031,-0.018187998,-0.051286388,-0.030055583,-0.038444742,-0.003542501,-0.014466888,-0.024633701
2022-06-07,-0.011338776,-0.009837244,0.0177965,-0.000984737,-0.014565225,-0.007604126,-0.036413695,-0.02042856
2022-06-08,-0.005247237,-0.0113353,-0.002717393,0.004914015,-0.030777692,-0.011265954,-0.019321002,0.010663574
2022-06-09,-0.014970934,-0.028738051,-0.028077587,-0.019802627,-0.03134419,-0.044908513,-0.03477774,-0.042170038
2022-06-10,-0.016198806,0.042130773,0.09070101,0.021761492,0.065013449,-0.017134111,-0.025308036,-0.012921846
2022-06-13,-0.021202791,-0.030582495,-0.032602407,-0.008845267,-0.028110381,-0.029879464,-0.046052125,-0.015949109
2022-06-14,-0.010563268,-0.022009731,-0.00828615,-0.005940612,-0.01576407,-0.033010948,-0.007394834,-0.014352553
2022-06-15,0.027310656,0.006908219,0.010857439,0.002974717,0.034591847,0.085511252,0.05968167,0.058139516
2022-06-17,-0.031775761,-0.006553798,0.031882439,0.040742783,0.009475078,-0.038145628,0.011421759,0.000757465
2022-06-20,0.014565634,0.036190449,0.031144603,-0.005719749,0.01906272,-0.019058049,-0.04070313,-0.041625606
2022-06-21,0.005964365,-0.009615459,-0.018973296,-0.009606222,0.005648669,0.02033487,0.024162856,0.02031564
2022-06-22,-0.015620893,-0.027086973,-0.02320201,0.004814646,-0.014181953,-0.014093983,-0.021765731,-0.021469989
2022-06-23,-0.006370009,-0.0194513,-0.024083396,0,-0.023117963,-0.022719819,-0.003083074,0.01142386
2022-06-24,0.016002874,-0.020738959,-0.009024613,-0.034199718,-0.010383089,0.014506249,0.025852317,0.009450962
2022-06-27,0.022032184,0.032121553,0.040496652,0.01577942,0.036733301,-0.003501847,-0.005755974,-0.005731701
2022-06-28,0.003404944,0.019155338,-0.010941732,0.011673284,0.004734409,0.012144391,0.014300664,0.029208201
2022-06-29,-0.004575816,-0.024411173,-0.005906615,-0.028447235,-0.014654368,9.68396E-05,-0.0109995,-0.010170174
2022-06-30,-0.022753718,-0.022038348,-0.003979001,-0.017060123,-0.003649289,-0.014463321,0.011772682,0.006266308
2022-07-01,-0.008516257,-0.01227765,-0.012694616,-0.019418086,-0.015122429,-0.036736783,-0.03562775,-0.024645909
2022-07-04,0.020546891,0.030596365,0.023291861,0.021440331,0.052513491,0.045985113,0.056713362,0.072576677
2022-07-05,-0.030586502,-0.062755637,-0.05701767,-0.038090039,-0.055839979,-0.037041534,-0.042738244,-0.069231393
2022-07-06,0.0114799,0.038706951,0.023479545,0.043127834,0.0498909,0.046707924,0.019054581,0.056349669
2022-07-07,0.0322163,0.012887092,0.029195787,-0.01111684,0.021399083,-0.009638579,0.004583491,-0.03294955
2022-07-08,0.006138014,0.042326596,0.029377173,0.016129382,0.03250129,0.050263062,0.047871469,0.059757228
2022-07-11,-0.016239626,-0.019334315,-0.008233105,-0.023268627,-0.014593603,-0.044840739,-0.056336952,-0.033254571
2022-07-12,-0.000938013,-0.021332328,-0.01177011,-0.012358551,-0.047732996,-0.061319404,-0.051068136,-0.05558444
2022-07-13,-0.015318694,0.024376831,0.035337579,0.019497796,0.012520018,-0.030479901,-0.046439266,-0.013525959
2022-07-14,-0.021854278,-0.071293751,-0.07377358,-0.027822506,-0.054965179,-0.060533192,-0.0680526,-0.0900169
2022-07-15,0.005793774,-0.015810944,-0.006170789,-0.006289329,-0.011246049,-0.021489224,-0.001706261,-0.000332657
2022-07-18,0.029179463,0.042459108,0.036401284,0.017718025,0.029712897,0.020731953,0.042121642,0.019570354
2022-07-19,0.011408037,-0.015350038,-0.005529728,-0.007257678,-0.00851069,-0.014179339,-0.012419371,-0.006283977
2022-07-20,-0.001957804,0.002261118,-0.004904695,0.004153692,-0.001749782,-0.027647864,-0.002170167,0.007783668
2022-07-21,0.003758939,-0.004443334,-0.024890941,0,-0.001752849,-0.031481995,0.009539023,0.001627552
2022-07-22,0.002387761,0.038730998,0.045395163,0.032622669,0.047954393,0.048975152,0.080646226,0.094700898
2022-07-25,-0.00470891,-0.054482689,-0.070990461,-0.022313299,-0.068236668,-0.022032858,-0.001109975,0.002895213
2022-07-26,0.009870127,0.03633411,0.028481109,0.05487661,0.016180306,0.030002666,0.027158817,0.004591484
2022-07-27,4.6183E-05,-0.008348191,0.000468996,-0.018618862,0.010320411,0.020417808,0.003577415,0.009876479
2022-07-28,0.002711558,0.027789229,0.032165167,0.034988992,0.030900799,-0.005384211,0.00141607,-0.011816458
2022-07-29,0.004700442,-0.006519693,-0.001038354,-0.01637013,-0.006217637,0.025464265,0.043636844,0.037422082
2022-08-01,-0.004236483,-0.022764676,-0.006383555,0.003875974,-0.005306058,-0.016770584,0.017776575,0.001246247
2022-08-02,-0.009372689,0.013376469,0.034363228,0.015355388,0.042955381,0.00274822,-0.01382881,-0.001643106
2022-08-03,0.00890596,-0.042003453,-0.038554184,-0.008608375,-0.041057127,-0.005752729,-0.017861507,-0.008199101
2022-08-04,0.001550454,0.011270241,0.016982093,0.006701796,0.003596786,0.002564412,-0.020539162,-0.050778876
2022-08-05,0.011606924,0.042799232,0.007199825,0.035617636,0.05353002,0.015525734,0.018944485,0.039509856
2022-08-08,0.010686054,0.064639813,0.029536414,0.005509656,0.040370522,0.036215657,0.045926987,0.062041912
2022-08-10,-0.007445591,-0.010269814,-0.01800946,0,-0.00811819,-0.046321713,0.009156375,-0.003320363
2022-08-11,0.021557656,-0.01313318,-0.014477755,-0.024097552,-0.016789481,0.038608504,0.045809536,0.010359977
2022-08-12,-0.007513624,-0.011890467,-0.015929884,-0.013220211,-0.010103782,-0.019871559,-0.036168659,0.003662613
2022-08-15,0.000131616,0.011151441,-0.011026628,-0.00190295,0.007454774,-0.023060742,-0.033250743,-0.028797802
2022-08-16,0.010742954,0.016172027,0.016754319,0,-0.008524292,0.006788438,0.025587076,0.00496772
2022-08-17,-0.007543131,-0.019094581,-0.018670091,-0.024097552,-0.014370644,-0.025494147,-0.014134141,-0.000716036
2022-08-18,0.000620375,-0.002226868,-0.006967282,-0.019705071,-0.003806766,0.001245518,-0.007992632,-0.015883928
2022-08-19,-0.018361244,-0.01568876,-0.01719317,0.008915364,-0.020922033,-0.050994892,-0.057586779,-0.057491066
2022-08-22,-0.007541625,0.004281643,0.002841103,0.008836582,0.001852882,-0.006501923,-0.017261387,-0.016319817
2022-08-23,0.008299233,0.017295566,0.011818564,0.021277398,0.020883705,0.031727694,0.02533499,0.024821964
2022-08-24,0.000522278,-0.012559588,0.001334223,-0.001915709,-0.016635061,0.029358594,0.010443379,0.019792252
2022-08-25,0.007591649,-0.004815102,-0.012545028,-0.012542374,-0.005359961,0.024985389,0.035502833,0.007350863
2022-08-26,-0.002385532,-0.010099891,0.009607384,-0.008776263,0.004068805,0.008032172,0.010821239,-0.014175644
2022-08-29,-0.013862602,-0.047677763,-0.060144161,-0.059523367,-0.054621084,-0.021740504,-0.023649841,-0.071125856
2022-08-30,-0.019059199,-0.032937938,-0.009273857,-0.044640781,-0.117344535,-0.031925055,-0.043840519,-0.044599059
2022-08-31,-0.00951992,-0.005255512,-0.005750034,-0.001087548,-0.055432076,-0.008009614,0.017956013,0.049075565
2022-09-01,-0.018539557,-0.031766961,-0.030147889,-0.015351179,-0.014469331,-0.051945947,-0.06398429,-0.067752946
2022-09-02,0.020339529,0.045219593,0.048078862,0.039008196,0.011917421,0.033618281,0.05176895,0.044088031
2022-09-05,0.000312811,0.030425263,-0.001700681,0.023110272,-0.017575145,0.014558287,0.026908943,0.01368977
2022-09-06,0.002065836,-0.023616836,-0.01055193,-0.011488377,-0.030239885,0.004186397,0.004632792,-0.015724488
2022-09-07,-0.012259547,-0.008270353,-0.002368054,-0.007380107,-0.007091361,0.010526107,0.007098185,-0.001401274
2022-09-08,0.008126721,0.006433649,-0.002373675,-0.008501645,-0.079920016,-0.047378126,0.034076113,0.014679163
2022-09-09,0.02130365,0.026494969,0.033635061,0.022164496,0.015037877,0.066307838,0.000886733,0.043328743
2022-09-12,0.015366033,0.007631725,0.012249712,0.028808577,0.034233172,0.042280581,0.031561311,0.002642962
2022-09-13,-0.021714033,-0.030967943,-0.024862871,0.004048589,-0.041855761,-0.023543618,-0.022840326,-0.040272256
2022-09-14,-0.004546326,0.005821752,-0.018863783,0.007045827,0.003687126,0.01558768,0.023092883,0.009014951
2022-09-15,-0.005839954,-0.031987919,-0.035027161,-0.01414165,-0.0498554,0.002711034,-0.009489326,-0.010952876
2022-09-16,-0.014669082,0.001704732,-0.000595548,-0.018481019,0.021594388,-0.022966112,-0.02326346,0.013302036
2022-09-19,-0.001645584,-0.000873859,0.006827485,0.027595006,-0.001352997,-0.022199097,0.002085289,-0.033082137
2022-09-20,0.001923539,-0.019777275,-0.020397435,0,-0.01555496,0.012500213,-0.00831486,0.010475954
2022-09-21,-0.005935345,-0.001651012,-0.007120703,-0.041158072,-0.005792321,-0.004540725,-0.053498495,-0.018485993
2022-09-22,-0.01417258,0.020159834,0.034299324,0.003146306,0.022159298,-0.008286049,-0.023882736,-0.048307748
2022-09-23,-0.028912849,-0.06851467,-0.057059033,-0.064887622,-0.079952524,-0.072624866,-0.084307106,-0.063413788
2022-09-26,0.003290246,0.043968667,0.021999195,0.006681539,0.076157453,0.020604593,-0.016807118,-0.023069829
2022-09-27,0.006271779,0.034908789,0.019065421,-0.003335189,0.060081291,0.01261566,0.002820876,0.052628632
2022-09-28,-0.003405037,0.049190244,0.052278105,0.006659292,0.026250876,0.004026299,0.001251173,0.014561345
2022-09-29,-0.008567934,0.020530076,0.028355835,0.050684702,0.019245598,0.066781968,0.024700237,0.06347528
2022-09-30,0.00728295,0.008608259,0.015239301,0.036142292,0.043048254,0.019201066,0.034293871,0.013093057
2022-10-03,0.007828815,0.015894164,0.01159746,0.031938843,0.032472629,0.025913783,0.001943063,-0.008516685
2022-10-04,0.031955978,0.062721027,0.060667998,0.029997411,0.124683162,0.086665271,0.073687716,0.083252983
2022-10-05,-0.010613205,-0.041849958,-0.019945224,-0.03196398,-0.006421856,-0.015144234,0.004797218,0.001360021
2022-10-06,0.003346031,0.016198872,0.006351672,0.010768582,0.029556848,0.021511899,0.016771769,0.028256227
2022-10-07,-0.002390576,0.007040683,0.007137425,-0.024643928,0.032121234,-0.018137554,-0.034106267,-0.014348777
2022-10-10,-0.01389531,-0.041551518,-0.036602857,-0.053291297,-0.055656386,-0.028401496,-0.027374382,-0.00925011
2022-10-11,-0.002800308,-0.003347844,0.004731248,0.028024667,0.010748511,0.019321164,0.006575242,0.00281922
2022-10-12,-0.000927226,-0.009951909,-0.006841232,-0.018595577,-0.007551705,0.011582638,-0.005949869,0.032770903
2022-10-13,-0.002106568,-0.0559684,-0.038624191,0.008307421,-0.068095608,-0.01602586,-0.005642487,-0.025757432
2022-10-14,-0.001882115,-0.037876484,-0.036825122,-0.045486424,-0.006211865,-0.012346852,-0.000743303,-0.004026734
2022-10-17,0.029426761,0.027881483,0.024954727,0.027749913,0.05659721,0.050609234,0.039148113,0.030635205
2022-10-18,0.002417806,-0.005848344,-0.006547352,0.021864484,-0.017409554,-0.011541159,-0.024216954,-0.022481878
2022-10-19,-0.010583002,-0.023873066,-0.039919769,-0.023971966,-0.013311345,-0.022433819,-0.032996464,-0.029190562
2022-10-20,0.002157224,0.025028369,0.027261373,-0.035430437,0.002091613,-0.006880109,0.012961644,-0.006711032
2022-10-21,-0.003883858,0.016119803,0.02446819,0.010869672,0.011632869,0.007864183,0.00698943,0.005814841
2022-10-24,-0.008631693,-0.00214841,0.00179397,0.018211537,-0.002274373,0.010754381,0.008979884,0.006672252
2022-10-25,0.013374831,0.007855038,0.0141691,0.001061008,0.019067723,-0.012914951,-0.006869758,0.01344677
2022-10-26,0.018838061,0.01263945,0.020251642,0.038486289,0.02407821,0.044440046,0.064794855,0.033016567
2022-10-27,0.000302623,0.006547679,0.006373677,-0.019578163,0.005930043,0.001680832,-0.001496206,0.000849834
2022-10-28,-0.011052852,-0.016972011,-0.014264056,-0.021031269,-0.005731807,-0.004969325,0.001549601,-0.00306279
2022-10-31,0.004299961,0.007237968,-0.003160198,0.008465659,0.008683694,-0.005637278,0.004315519,-0.0210099
2022-11-01,0.011076743,-0.007613775,-0.010765533,0.039261241,0.029812506,0.001634395,0.011312697,0.032587698
2022-11-02,-0.00432847,-0.006368381,-0.028096971,0.02402518,-0.03552737,0.034821974,0.04667531,0.033678793
2022-11-03,-0.016166939,-0.004296372,-0.030784786,-0.01093994,-0.037041272,-0.025944576,-0.05480329,-0.031379232
2022-11-04,0.048158492,0.084119201,0.106406899,0.001998003,0.052533296,0.071001833,0.069494424,0.050682464
2022-11-07,0.001933627,0.017159547,-0.000649351,0.015841915,0.028770684,0.001815146,0.007633437,0.012647344
2022-11-08,-0.00618099,0.020501728,-0.010119231,-0.016840418,0.000756001,-0.006209062,-0.011596192,-0.003634931
2022-11-09,0.009069986,0.098166753,0.19114082,0.087926709,0.081770639,0.018369644,-0.000198551,-0.062499928
2022-11-10,0.015248409,0.031709527,0.018047541,0.024402476,0.032205593,0.02933193,0.026937326,-0.005069006
2022-11-11,0.031633114,0.019854752,0.017570693,-0.021661497,0.017545776,0.020384402,-0.009418917,0.044397751
2022-11-14,-0.002199236,-0.004223837,-0.001413206,-0.010087202,0.004627343,-0.005615158,-0.014197875,-0.003571239
2022-11-15,0.002416934,0.004416869,-0.00720165,0,-0.005953383,0.016974168,0.009944942,0.04167159
2022-11-16,-0.005373962,-0.019621212,-0.016060758,-0.039478811,-0.006990708,-0.019357959,-0.033018461,-0.038154366
2022-11-17,-0.006246932,-0.013541839,-0.019488518,0.025557472,-0.028977712,-0.033120028,0.004344977,0.024385596
2022-11-18,0.005825536,-0.01174064,-0.01431506,-0.001870908,-0.01210878,0.01626639,0.000806289,0.016987211
2022-11-21,-0.008841362,0.001311343,0.009822394,0.005602256,0.017937701,-0.040803285,-0.014204784,-0.049889498
2022-11-22,0.004221248,0.026363128,0.024570728,0.029359907,0.028811697,0.002039509,0.005045497,-0.019640296
2022-11-23,0.008945324,0.024952007,-0.00182335,-0.010909199,0.014346029,0.03468993,0.030341769,0.038795385
2022-11-24,0.003230957,0.027889752,0.013594772,0.018116438,0.017366338,-0.000792374,0.003495388,0.007242164
2022-11-25,0.000328551,-0.014477372,-0.005628732,0.0344101,0.000160888,0.001797176,-0.013357939,0.006715871
2022-11-28,0.002960425,-0.026618876,-0.002185677,-0.013974027,-0.01900179,-0.000621031,0.010996198,-0.006238455
2022-11-29,-0.003281181,-0.022769892,-0.015001491,-0.033083035,-0.020373375,-0.013045156,-0.007664767,-0.002974296
2022-11-30,0.022982047,0.019530079,0.020589436,-0.022989518,0.030162979,0.058060257,0.039898262,0.042794516
2022-12-01,0.002562731,0.07252591,0.052817897,0.093193777,0.066120319,0.014491122,0.00551778,0.009283045
2022-12-02,-0.009335629,-0.0304897,-0.042837616,-0.02228027,-0.061261223,-0.044106985,-0.015488622,-0.04984601
2022-12-05,0.00497262,0.001274896,-0.008018612,-0.022788015,-0.022054312,-0.006160233,-0.003474739,0.004870827
2022-12-06,-0.001823911,0.011432227,0.01132336,0.00177148,0.01035257,0.00592031,-0.001548213,-0.007102378
2022-12-07,-0.007352605,0.0039247,0.001883535,0.004415018,0.006030497,-0.004400791,0.013036238,0.001328904
2022-12-08,0.006144079,-0.001623203,-0.005661283,0.013129291,0.001299123,0.032607494,0.013387335,0.009253205
2022-12-09,0.00108566,0.000153245,0.012173927,0.006068506,-0.003413805,-0.075775058,0.009387096,0.003467665
2022-12-12,-0.001691076,-0.012955147,-0.024870495,0.031478567,-0.017246054,-0.020734892,0.000653808,-0.026844039
2022-12-13,0.018811714,0.050400316,0.013274648,0.045034216,0.042490582,0.014702491,0.031162042,0.038109413
2022-12-14,-0.020526651,-0.016669533,-0.017435986,-0.040855355,-0.019237528,-0.098855698,-0.046925219,-0.019639794
2022-12-15,-0.017725812,-0.010197397,-0.030947095,-0.049582805,-0.034582732,-0.03981728,-0.018621442,-0.023059631
2022-12-19,0.005059973,0.014689768,-0.014049152,0.009594491,-0.017921021,0.035265547,0.006021648,0.003997196
2022-12-20,-0.004359157,-0.005032814,0.02080872,0.024014876,0.008662475,0.012055231,-0.01714826,-0.010949212
2022-12-21,0.01084466,0.01200086,0.006061121,0.034974422,0.010598131,0.02624643,0.038389763,0.037808958
2022-12-22,-0.008320211,-0.015219538,-0.0119939,-0.014839514,-0.013307701,-0.020376282,-0.017215231,-0.024114192
2022-12-23,0.003657891,0.022227772,0.02045061,0.004971013,0.042008335,0.000833819,0.004581691,0.011598516
2022-12-28,0.01061233,-0.00825534,-0.010691226,0.017206488,-0.000976086,0.030131896,0.041825253,0.026378729
2022-12-29,-0.009202586,0.002107295,0.00625495,-0.004886003,-0.00424075,-0.027916355,-0.016994445,-0.014072994
2022-12-30,-0.007481741,-0.024156851,-0.045934083,-0.00081666,-0.039678484,-0.020904555,-0.01003673,-0.017633966
2023-01-03,0.018821584,0.048120268,0.049073973,0.056386511,0.04489532,0.030283247,0.011058085,0.022608189
2023-01-04,0.001760087,0.024900162,0.030081859,0.023656197,0.030742094,-0.009364946,-0.01538384,-0.017067418
2023-01-05,0.011622263,0.008238831,0.009967987,0.009756175,0.007227054,0.02819665,0.027559427,0.030246668
2023-01-06,0.018643304,0.031343443,0.059129778,0.058029331,0.053638695,0.020560786,0.032205562,0.047807846
2023-01-09,0.019121002,0.009695834,0.004882822,0.028484038,0.005327032,-0.003337369,0.02805497,0.016231195
2023-01-10,-0.004379992,-0.00075285,0.00097371,-0.034846731,-0.000442837,-0.032615795,0.003145673,-0.011671581
2023-01-11,0.006667441,0.00440151,0.01951634,0.01408474,0.010428236,0.005676816,0.000559152,0.002784361
2023-01-12,0.001342033,0.010310331,-0.01345204,0.020076825,0.002772308,0.000195644,-0.000559152,0.007677767
2023-01-13,0.008941112,0.033183897,0.043166041,0.001369863,0.012596996,-0.012455574,0.009889414,-0.010021976
2023-01-16,-0.002093608,-0.016206721,-0.00874709,-0.011704092,-0.008670575,-0.002742679,-0.037633833,-0.05033644
2023-01-17,0.002741169,0.004498012,-0.009154349,0.001384083,-0.019788114,-0.053694402,-0.02105435,-0.018579599
2023-01-18,0.006032775,-0.007760658,-0.004016734,-0.009729055,-0.016719303,0.009537102,0.004417406,0.007202912
2023-01-19,-0.004523052,0.003913899,-0.008225412,-0.011942537,-0.014862269,-0.005023333,-0.029855689,-0.04255057
2023-01-20,-0.002963696,-0.007082312,-0.002198538,0.010544913,-0.003213715,-0.045576987,-0.00697515,-0.013935032
2023-01-23,0.010776373,0.007082312,-0.004700023,0.006968669,0.003213715,0.00663422,0.014684008,0.011870712
2023-01-24,-0.001144191,-0.0104713,-0.010583644,0.003466208,-0.019594857,-0.013017165,-0.007708857,0.000489303
2023-01-25,-0.003900045,-0.0113803,0.009525493,0.002073972,0.015921196,-0.006370562,-0.008562971,-0.002339946
2023-01-26,0.009779624,-0.002051611,0.010150427,0.001380262,0.006115292,-0.012462559,-0.048404652,-0.016867142
2023-01-27,0.003501299,-0.016783159,-0.026207431,-0.017391743,-0.032215888,0.006542259,-0.00447406,-0.016198757
2023-01-30,-0.005790868,0.011595427,-0.004263563,-0.029916761,-0.00869502,0.003354551,0.009025863,-0.00129603
2023-01-31,-0.010616525,-0.030045529,-0.031479416,-0.002896454,-0.022317696,-0.017602096,-0.016891545,-0.038393314
2023-02-01,0.004272373,-0.002683526,-0.004724538,0.003619258,0.027227819,-0.000879723,-0.003582272,-0.014043186
2023-02-02,-0.000185191,0.009457052,-0.013947514,0.023564104,0.01193669,0.02926544,0.021547563,0.033596476
2023-02-03,0.00548379,-0.008017566,-0.008504511,-0.033731221,-0.028184259,0.01099032,0.014768456,0.006814239
2023-02-06,-0.008235244,-0.019187049,-0.007947339,-0.018416727,-0.024877309,-0.024514948,-0.019658442,-0.041599846
2023-02-07,-0.000610871,0.015029039,0.027543675,0.035783299,0.047582103,0.025285223,0.002350177,0.036622577
2023-02-08,0.005533969,0.002081166,0.001020825,0.001433692,0.000470847,-0.040628896,-0.018160783,-0.00742599
2023-02-09,0.000568887,-0.00124818,-0.018536212,0.000716076,-0.017251358,-0.030962421,-0.024347802,-0.048599508
2023-02-10,-0.013027959,-0.021432598,-0.019204116,-0.032742103,-0.04322617,-0.017203541,-0.026631011,-0.026553496
